"Time","images_score_v2.lance / _indices / get","images_v6.lance / _indices / get","manual_image_appraisal_v1.lance / _indices / get","manual_skeet_appraisal_v1.lance / _indices / get","images_score_v2.lance / _indices / list","images_score_v2.lance / _transactions / list","images_score_v2.lance / _transactions / put","images_score_v2.lance / _versions / get_range","images_v6.lance / _versions / get_range","manual_image_appraisal_v1.lance / _versions / get_range","manual_skeet_appraisal_v1.lance / _versions / get_range","validate_v1.lance / _versions / get_range","images_score_v2.lance / _versions / get","images_v6.lance / _versions / get","manual_image_appraisal_v1.lance / _versions / get","manual_skeet_appraisal_v1.lance / _versions / get","validate_v1.lance / _versions / get","images_score_v2.lance / _versions / head","images_score_v2.lance / _versions / list","images_v6.lance / _versions / list","manual_image_appraisal_v1.lance / _versions / list","manual_skeet_appraisal_v1.lance / _versions / list","validate_v1.lance / _versions / list","images_score_v2.lance / _versions / put","images_score_v2.lance / data / get","images_v6.lance / data / get","images_score_v2.lance / data / list","images_score_v2.lance / data / put","images_score_v2.lance / other / list"
1777684200000,0,0,0,0,0,0,0,0,0,0,undefined,0,0,0,0,0,0,0,4,4,4,4,4,0,0,0,0,0,0
1777684260000,0,0,0,0,0,0,0,0,0,0,undefined,0,0,0,0,0,0,0,4,4,4,4,4,0,0,0,0,0,0
1777684320000,0,0,0,0,0,0,0,0,0,0,undefined,0,0,0,0,0,0,0,4,4,4,4,4,0,0,0,0,0,0
1777684380000,0,0,0,0,0,0,0,0,0,0,undefined,0,0,0,0,0,0,0,4,4,4,4,4,0,0,0,0,0,0
1777684440000,0,0,0,0,0,0,0,0,0,0,undefined,0,0,0,0,0,0,0,4,4,4,4,4,0,0,0,0,0,0
1777684500000,0,0,0,0,0,0,1.3333333333333333,0,1.3333333333333333,0,undefined,0,0,1.3333333333333333,0,0,0,0,10.666666666666666,10.666666666666666,5.333333333333333,5.333333333333333,5.333333333333333,1.3333333333333333,142.66666666666666,1372,0,1.3333333333333333,0
1777684560000,0,0,0,0,0,0,1.333325925967078,0,1.333325925967078,0,undefined,0,0,1.333325925967078,0,0,0,0,10.666607407736624,10.666607407736624,5.333303703868312,5.333303703868312,5.333303703868312,1.333325925967078,142.66587407847734,1371.9923778201232,0,1.333325925967078,0
1777684620000,0,0,0,0,0,0,1.3333185186831258,0,1.3333185186831258,0,undefined,0,0,1.3333185186831258,0,0,0,0,10.666548149465006,10.666548149465006,5.333274074732503,5.333274074732503,5.333274074732503,1.3333185186831258,142.66508149909447,1371.9847557249363,0,1.3333185186831258,0
1777684680000,0,0,0,0,0,0,0,0,0,0,undefined,0,0,0,0,0,0,0,3.999955556049377,3.999955556049377,3.999955556049377,3.999955556049377,3.999955556049377,0,0,0,0,0,0
1777684740000,0,0,0,0,0,0,1.333325925967078,0,1.333325925967078,0,undefined,0,0,1.333325925967078,0,0,0,0,10.666607407736624,10.666607407736624,5.333303703868312,5.333303703868312,5.333303703868312,1.333325925967078,145.3325259304115,1393.3255926355964,0,1.333325925967078,0
1777684800000,0,0,0,0,0,0,1.333325925967078,0,1.333325925967078,0,undefined,0,0,1.333325925967078,0,0,0,0,10.666607407736624,10.666607407736624,5.333303703868312,5.333303703868312,5.333303703868312,1.333325925967078,145.3325259304115,1393.3255926355964,0,1.333325925967078,0
1777684860000,0,0,0,0,0,0,1.333325925967078,0,1.333325925967078,0,undefined,0,0,1.333325925967078,0,0,0,0,10.666607407736624,10.666607407736624,5.333303703868312,5.333303703868312,5.333303703868312,1.333325925967078,145.3325259304115,1393.3255926355964,0,1.333325925967078,0
1777684920000,0,0,0,0,0,0,0,0,0,0,undefined,0,0,0,0,0,0,0,3.999977777901234,3.999977777901234,3.999977777901234,3.999977777901234,3.999977777901234,0,0,0,0,0,0
1777684980000,0,0,0,0,0,0,0,0,0,0,undefined,0,0,0,0,0,0,0,4,4,4,4,4,0,0,0,0,0,0
1777685040000,0,0,0,0,0,0,0,0,0,0,undefined,0,0,0,0,0,0,0,4,4,4,4,4,0,0,0,0,0,0
1777685100000,0,0,0,0,0,0,0,0,0,0,undefined,0,0,0,0,0,0,0,4,4,4,4,4,0,0,0,0,0,0
1777685160000,0,0,0,0,0,0,0,0,0,0,undefined,0,0,0,0,0,0,0,3.999977777901234,3.999977777901234,3.999977777901234,3.999977777901234,3.999977777901234,0,0,0,0,0,0
1777685220000,0,0,0,0,0,0,0,0,0,0,undefined,0,0,0,0,0,0,0,3.999977777901234,3.999977777901234,3.999977777901234,3.999977777901234,3.999977777901234,0,0,0,0,0,0
1777685280000,0,0,0,0,0,0,0,0,0,0,undefined,0,0,0,0,0,0,0,3.999977777901234,3.999977777901234,3.999977777901234,3.999977777901234,3.999977777901234,0,0,0,0,0,0
1777685340000,0,0,0,0,0,0,1.333325925967078,0,1.333325925967078,0,undefined,0,0,1.333325925967078,0,0,0,0,10.666607407736624,10.666607407736624,5.333303703868312,5.333303703868312,5.333303703868312,1.333325925967078,147.99917778234567,1415.992133377037,0,1.333325925967078,0
1777685400000,0,0,0,0,0,0,2.666651851934156,0,2.666651851934156,0,undefined,0,0,2.666651851934156,0,0,0,0,17.333237037572015,17.333237037572015,6.6666296298353895,6.6666296298353895,6.6666296298353895,2.666651851934156,298.6650074166255,2854.650807495514,0,2.666651851934156,0
1777685460000,0,0,0,0,0,0,3.999977777901234,21171.88237843123,3.999977777901234,0,undefined,0,21171.88237843123,3.999977777901234,0,0,0,0,23.999866667407403,22.666540741440325,6.6666296298353895,6.6666296298353895,6.6666296298353895,3.999977777901234,451.99748890283945,4315.976022355431,0,3.999977777901234,2.666651851934156
1777685520000,0,0,0,0,0,0,2.6666666666666665,21172,2.6666666666666665,0,undefined,0,21172,2.6666666666666665,0,0,0,0,16,14.666666666666666,4,4,4,2.6666666666666665,304,2900,0,2.6666666666666665,2.6666666666666665
1777685580000,0,0,0,0,1.3333333333333333,1.3333333333333333,1.3333333333333333,21173.333333333332,1.3333333333333333,0,undefined,0,21173.333333333332,1.3333333333333333,0,0,0,730.6666666666666,9.333333333333332,6.666666666666666,1.3333333333333333,1.3333333333333333,1.3333333333333333,1.3333333333333333,153.33333333333331,1461.3333333333333,1.3333333333333333,1.3333333333333333,4
1777685640000,0,0,0,0,1.333325925967078,1.333325925967078,1.333325925967078,1.333325925967078,1.333325925967078,0,undefined,0,1.333325925967078,1.333325925967078,0,0,0,730.6626074299587,13.333259259670779,11.999933333703702,6.6666296298353895,6.6666296298353895,6.6666296298353895,1.333325925967078,155.9991333381481,1483.991755601358,1.333325925967078,1.333325925967078,1.333325925967078
1777685700000,0,0,0,0,1.333325925967078,1.333325925967078,1.333325925967078,1.333325925967078,1.333325925967078,0,undefined,0,1.333325925967078,1.333325925967078,0,0,0,730.6626074299587,14.666585185637858,13.333259259670779,7.999955555802468,7.999955555802468,7.999955555802468,1.333325925967078,155.9991333381481,1483.991755601358,1.333325925967078,1.333325925967078,1.333325925967078
1777685760000,0,0,0,0,0,0,1.333325925967078,0,1.333325925967078,0,undefined,0,0,1.333325925967078,0,0,0,0,14.666585185637858,14.666585185637858,9.333281481769546,9.333281481769546,9.333281481769546,1.333325925967078,155.9991333381481,1483.991755601358,0,1.333325925967078,0
1777685820000,0,0,0,0,0,0,0,0,0,0,undefined,0,0,0,0,0,0,0,4,4,4,4,4,0,0,0,0,0,0
1777685880000,0,0,0,0,0,0,0,0,0,0,undefined,0,0,0,0,0,0,0,3.999977777901234,3.999977777901234,3.999977777901234,3.999977777901234,3.999977777901234,0,0,0,0,0,0
1777685940000,0,0,0,0,0,0,0,0,0,0,undefined,0,0,0,0,0,0,0,3.999977777901234,3.999977777901234,3.999977777901234,3.999977777901234,3.999977777901234,0,0,0,0,0,0
1777686000000,0,0,0,0,0,0,0,0,0,0,undefined,0,0,0,0,0,0,0,3.999977777901234,3.999977777901234,3.999977777901234,3.999977777901234,3.999977777901234,0,0,0,0,0,0
1777686060000,0,0,0,0,0,0,0,0,0,0,undefined,0,0,0,0,0,0,0,3.999977777901234,3.999977777901234,3.999977777901234,3.999977777901234,3.999977777901234,0,0,0,0,0,0
1777686120000,0,0,0,0,0,0,0,0,0,0,undefined,0,0,0,0,0,0,0,3.999977777901234,3.999977777901234,3.999977777901234,3.999977777901234,3.999977777901234,0,0,0,0,0,0
1777686180000,0,0,0,0,0,0,0,0,0,0,undefined,0,0,0,0,0,0,0,3.999977777901234,3.999977777901234,3.999977777901234,3.999977777901234,3.999977777901234,0,0,0,0,0,0
1777686240000,0,0,0,0,0,0,0,0,0,0,undefined,0,0,0,0,0,0,0,4,4,4,4,4,0,0,0,0,0,0
1777686300000,0,0,0,0,0,0,0,0,0,0,undefined,0,0,0,0,0,0,0,4,4,4,4,4,0,0,0,0,0,0
1777686360000,0,0,0,0,0,0,0,0,0,0,undefined,0,0,0,0,0,0,0,4,4,4,4,4,0,0,0,0,0,0
1777686420000,0,0,0,0,0,0,0,0,0,0,undefined,0,0,0,0,0,0,0,4,4,4,4,4,0,0,0,0,0,0
1777686480000,0,0,0,0,0,0,0,0,0,0,undefined,0,0,0,0,0,0,0,3.999977777901234,3.999977777901234,3.999977777901234,3.999977777901234,3.999977777901234,0,0,0,0,0,0
1777686540000,0,0,0,0,0,0,0,0,0,0,undefined,0,0,0,0,0,0,0,3.999977777901234,3.999977777901234,3.999977777901234,3.999977777901234,3.999977777901234,0,0,0,0,0,0
1777686600000,0,0,0,0,0,0,0,0,0,0,undefined,0,0,0,0,0,0,0,3.999977777901234,3.999977777901234,3.999977777901234,3.999977777901234,3.999977777901234,0,0,0,0,0,0
1777686660000,45.33308148288065,5.333303703868312,0,0,0,0,0,1.333325925967078,1.333325925967078,0,undefined,0,1.333325925967078,1.333325925967078,0,0,0,0,6.6666296298353895,6.6666296298353895,3.999977777901234,3.999977777901234,3.999977777901234,0,5.333303703868312,3.999977777901234,0,0,0
1777686720000,90.6661629657613,10.666607407736624,0,0,0,0,0,2.666651851934156,2.666651851934156,0,undefined,0,2.666651851934156,2.666651851934156,0,0,0,0,9.333281481769546,9.333281481769546,3.999977777901234,3.999977777901234,3.999977777901234,0,9.333281481769546,9.333281481769546,0,0,0
1777686780000,90.66565927045254,10.666548149465005,0,0,0,0,0,2.666637037366251,2.666637037366251,0,undefined,0,2.666637037366251,2.666637037366251,0,0,0,0,9.33322963078188,9.33322963078188,3.9999555560493767,3.9999555560493767,3.9999555560493767,0,9.33322963078188,9.33322963078188,0,0,0
1777686840000,51.99971111271604,11.999933333703702,0,0,0,0,1.333325925967078,1.333325925967078,2.666651851934156,0,undefined,0,1.333325925967078,2.666651851934156,0,0,0,0,13.333259259670779,13.333259259670779,5.333303703868312,5.333303703868312,5.333303703868312,1.333325925967078,6.6666296298353895,33.33314814917695,0,1.333325925967078,0
1777686900000,51.99971111271604,7.999955555802468,0,0,0,0,1.333325925967078,1.333325925967078,2.666651851934156,0,undefined,0,1.333325925967078,2.666651851934156,0,0,0,0,13.333259259670779,13.333259259670779,5.333303703868312,5.333303703868312,5.333303703868312,1.333325925967078,6.6666296298353895,31.999822223209872,0,1.333325925967078,0
1777686960000,58.666340742551434,14.666585185637858,0,0,0,0,2.666651851934156,1.333325925967078,3.999977777901234,0,undefined,0,1.333325925967078,3.999977777901234,0,0,0,0,19.99988888950617,19.99988888950617,6.6666296298353895,6.6666296298353895,6.6666296298353895,2.666651851934156,10.666607407736624,78.66622963205761,0,2.666651851934156,0
1777687020000,57.33301481658435,13.333259259670779,0,0,0,0,2.666651851934156,1.333325925967078,3.999977777901234,0,undefined,0,1.333325925967078,3.999977777901234,0,0,0,0,19.99988888950617,19.99988888950617,6.6666296298353895,6.6666296298353895,6.6666296298353895,2.666651851934156,14.666585185637858,119.99933333703702,0,2.666651851934156,0
1777687080000,11.99986666814813,11.99986666814813,0,0,0,0,2.666637037366251,0,2.666637037366251,0,undefined,0,0,2.666637037366251,0,0,0,0,17.333140742880634,17.333140742880634,6.666592593415627,6.666592593415627,6.666592593415627,2.666637037366251,10.666548149465005,115.99871112543192,0,2.666637037366251,0
1777687140000,5.333303703868312,5.333303703868312,0,0,0,0,1.333325925967078,0,1.333325925967078,0,undefined,0,0,1.333325925967078,0,0,0,0,10.666607407736624,10.666607407736624,5.333303703868312,5.333303703868312,5.333303703868312,1.333325925967078,6.6666296298353895,69.33294815028806,0,1.333325925967078,0
1777687200000,0,0,0,0,0,0,0,0,0,0,undefined,0,0,0,0,0,0,0,3.999977777901234,3.999977777901234,3.999977777901234,3.999977777901234,3.999977777901234,0,0,0,0,0,0
1777687260000,0,0,0,0,0,0,0,0,0,0,undefined,0,0,0,0,0,0,0,3.999977777901234,3.999977777901234,3.999977777901234,3.999977777901234,3.999977777901234,0,0,0,0,0,0
1777687320000,5.333303703868312,5.333303703868312,0,0,0,0,1.333325925967078,0,2.666651851934156,0,undefined,0,0,1.333325925967078,0,0,0,0,10.666607407736624,10.666607407736624,5.333303703868312,5.333303703868312,5.333303703868312,1.333325925967078,9.333281481769546,91.99948889172838,0,1.333325925967078,0
1777687380000,57.33301481658435,17.333237037572015,0,0,0,0,2.666651851934156,1.333325925967078,3.999977777901234,0,undefined,0,1.333325925967078,2.666651851934156,0,0,0,0,17.333237037572015,17.333237037572015,6.6666296298353895,6.6666296298353895,6.6666296298353895,2.666651851934156,14.666585185637858,121.3326592630041,0,2.666651851934156,0
1777687440000,57.33333333333333,17.333333333333332,0,0,0,0,2.6666666666666665,1.3333333333333333,4,0,undefined,0,1.3333333333333333,2.6666666666666665,0,0,0,0,17.333333333333332,17.333333333333332,6.666666666666666,6.666666666666666,6.666666666666666,2.6666666666666665,14.666666666666666,121.33333333333333,0,2.6666666666666665,0
1777687500000,52,12,0,0,0,0,1.3333333333333333,1.3333333333333333,1.3333333333333333,0,undefined,0,1.3333333333333333,1.3333333333333333,0,0,0,0,10.666666666666666,10.666666666666666,5.333333333333333,5.333333333333333,5.333333333333333,1.3333333333333333,5.333333333333333,29.333333333333332,0,1.3333333333333333,0
1777687560000,0,0,0,0,0,0,0,0,0,0,undefined,0,0,0,0,0,0,0,4,4,4,4,4,0,0,0,0,0,0
1777687620000,0,0,0,0,0,0,0,0,0,0,undefined,0,0,0,0,0,0,0,4,4,4,4,4,0,0,0,0,0,0
1777687680000,0,0,0,0,0,0,0,0,0,0,undefined,0,0,0,0,0,0,0,4,4,4,4,4,0,0,0,0,0,0
1777687740000,0,0,0,0,0,0,1.3333333333333333,0,1.3333333333333333,0,undefined,0,0,1.3333333333333333,0,0,0,0,10.666666666666666,10.666666666666666,5.333333333333333,5.333333333333333,5.333333333333333,1.3333333333333333,6.666666666666666,46.666666666666664,0,1.3333333333333333,0
1777687800000,0,0,0,0,0,0,1.3333333333333333,0,1.3333333333333333,0,undefined,0,0,1.3333333333333333,0,0,0,0,10.666666666666666,10.666666666666666,5.333333333333333,5.333333333333333,5.333333333333333,1.3333333333333333,6.666666666666666,46.666666666666664,0,1.3333333333333333,0
1777687860000,0,0,0,0,0,0,1.3333333333333333,0,1.3333333333333333,0,undefined,0,0,1.3333333333333333,0,0,0,0,10.666666666666666,10.666666666666666,5.333333333333333,5.333333333333333,5.333333333333333,1.3333333333333333,6.666666666666666,46.666666666666664,0,1.3333333333333333,0
1777687920000,0,0,0,0,0,0,0,0,0,0,undefined,0,0,0,0,0,0,0,3.999977777901234,3.999977777901234,3.999977777901234,3.999977777901234,3.999977777901234,0,0,0,0,0,0
1777687980000,45.33308148288065,5.333303703868312,0,0,0,0,0,1.333325925967078,1.333325925967078,0,undefined,0,1.333325925967078,1.333325925967078,0,0,0,0,6.6666296298353895,6.6666296298353895,3.999977777901234,3.999977777901234,3.999977777901234,0,5.333303703868312,5.333303703868312,0,0,0
1777688040000,45.33308148288065,5.333303703868312,0,0,0,0,0,1.333325925967078,1.333325925967078,0,undefined,0,1.333325925967078,1.333325925967078,0,0,0,0,6.6666296298353895,6.6666296298353895,3.999977777901234,3.999977777901234,3.999977777901234,0,5.333303703868312,5.333303703868312,0,0,0
1777688100000,52,12,0,0,0,0,1.3333333333333333,1.3333333333333333,2.6666666666666665,0,undefined,0,1.3333333333333333,2.6666666666666665,0,0,0,0,13.333333333333332,13.333333333333332,5.333333333333333,5.333333333333333,5.333333333333333,1.3333333333333333,9.333333333333332,32,0,1.3333333333333333,0
1777688160000,6.666666666666666,6.666666666666666,0,0,0,0,1.3333333333333333,0,1.3333333333333333,0,undefined,0,0,1.3333333333333333,0,0,0,0,10.666666666666666,10.666666666666666,5.333333333333333,5.333333333333333,5.333333333333333,1.3333333333333333,4,26.666666666666664,0,1.3333333333333333,0
1777688220000,6.666666666666666,6.666666666666666,0,0,0,0,1.3333333333333333,0,1.3333333333333333,0,undefined,0,0,1.3333333333333333,0,0,0,0,10.666666666666666,10.666666666666666,5.333333333333333,5.333333333333333,5.333333333333333,1.3333333333333333,4,26.666666666666664,0,1.3333333333333333,0
1777688280000,0,0,0,0,0,0,0,0,0,0,undefined,0,0,0,0,0,0,0,4,4,4,4,4,0,0,0,0,0,0
1777688340000,0,0,0,0,0,0,0,0,0,0,undefined,0,0,0,0,0,0,0,4,4,4,4,4,0,0,0,0,0,0
1777688400000,0,0,0,0,0,0,0,0,0,0,undefined,0,0,0,0,0,0,0,4,4,4,4,4,0,0,0,0,0,0
1777688460000,0,0,0,0,0,0,0,0,0,0,undefined,0,0,0,0,0,0,0,3.999977777901234,3.999977777901234,3.999977777901234,3.999977777901234,3.999977777901234,0,0,0,0,0,0
1777688520000,5.333303703868312,5.333303703868312,0,0,0,0,1.333325925967078,0,1.333325925967078,0,undefined,0,0,1.333325925967078,0,0,0,0,10.666607407736624,10.666607407736624,5.333303703868312,5.333303703868312,5.333303703868312,1.333325925967078,6.6666296298353895,45.33308148288065,0,1.333325925967078,0
1777688580000,50.66638518674896,10.666607407736624,0,0,0,0,1.333325925967078,1.333325925967078,2.666651851934156,0,undefined,0,1.333325925967078,2.666651851934156,0,0,0,0,13.333259259670779,13.333259259670779,5.333303703868312,5.333303703868312,5.333303703868312,1.333325925967078,11.999933333703702,50.66638518674896,0,1.333325925967078,0
1777688640000,50.666666666666664,10.666666666666666,0,0,0,0,1.3333333333333333,1.3333333333333333,2.6666666666666665,0,undefined,0,1.3333333333333333,2.6666666666666665,0,0,0,0,13.333333333333332,13.333333333333332,5.333333333333333,5.333333333333333,5.333333333333333,1.3333333333333333,12,50.666666666666664,0,1.3333333333333333,0
1777688700000,52,12,0,0,0,0,1.3333333333333333,1.3333333333333333,2.6666666666666665,0,undefined,0,1.3333333333333333,2.6666666666666665,0,0,0,0,13.333333333333332,13.333333333333332,5.333333333333333,5.333333333333333,5.333333333333333,1.3333333333333333,9.333333333333332,32,0,1.3333333333333333,0
1777688760000,6.6666296298353895,6.6666296298353895,0,0,0,0,1.333325925967078,0,1.333325925967078,0,undefined,0,0,1.333325925967078,0,0,0,0,10.666607407736624,10.666607407736624,5.333303703868312,5.333303703868312,5.333303703868312,1.333325925967078,3.999977777901234,26.666518519341558,0,1.333325925967078,0
1777688820000,6.6666296298353895,6.6666296298353895,0,0,0,0,1.333325925967078,0,1.333325925967078,0,undefined,0,0,1.333325925967078,0,0,0,0,10.666607407736624,10.666607407736624,5.333303703868312,5.333303703868312,5.333303703868312,1.333325925967078,3.999977777901234,26.666518519341558,0,1.333325925967078,0
1777688880000,0,0,0,0,0,0,0,0,0,0,undefined,0,0,0,0,0,0,0,3.9999555560493767,3.9999555560493767,3.9999555560493767,3.9999555560493767,3.9999555560493767,0,0,0,0,0,0
1777688940000,0,0,0,0,0,0,0,0,0,0,undefined,0,0,0,0,0,0,0,3.999977777901234,3.999977777901234,3.999977777901234,3.999977777901234,3.999977777901234,0,0,0,0,0,0
1777689000000,0,0,0,0,0,0,0,0,0,0,undefined,0,0,0,0,0,0,0,3.9999555560493767,3.9999555560493767,3.9999555560493767,3.9999555560493767,3.9999555560493767,0,0,0,0,0,0
1777689060000,0,0,0,0,0,0,0,0,0,0,undefined,0,0,0,0,0,0,0,3.999977777901234,3.999977777901234,3.999977777901234,3.999977777901234,3.999977777901234,0,0,0,0,0,0
1777689120000,0,0,0,0,0,0,0,0,0,0,undefined,0,0,0,0,0,0,0,3.999977777901234,3.999977777901234,3.999977777901234,3.999977777901234,3.999977777901234,0,0,0,0,0,0
1777689180000,45.33308148288065,5.333303703868312,0,0,0,0,0,1.333325925967078,1.333325925967078,0,undefined,0,1.333325925967078,1.333325925967078,0,0,0,0,6.6666296298353895,6.6666296298353895,3.999977777901234,3.999977777901234,3.999977777901234,0,5.333303703868312,3.999977777901234,0,0,0
1777689240000,55.99968889061728,18.666562963539093,0,0,0,0,1.333325925967078,1.333325925967078,2.666651851934156,0,undefined,0,1.333325925967078,2.666651851934156,0,0,0,0,13.333259259670779,13.333259259670779,5.333303703868312,5.333303703868312,5.333303703868312,1.333325925967078,9.333281481769546,54.6663629646502,0,1.333325925967078,0
1777689300000,55.99968889061728,18.666562963539093,0,0,0,0,1.333325925967078,1.333325925967078,2.666651851934156,0,undefined,0,1.333325925967078,2.666651851934156,0,0,0,0,13.333259259670779,13.333259259670779,5.333303703868312,5.333303703868312,5.333303703868312,1.333325925967078,9.333281481769546,54.6663629646502,0,1.333325925967078,0
1777689360000,10.666607407736624,13.333259259670779,0,0,0,0,1.333325925967078,0,1.333325925967078,0,undefined,0,0,1.333325925967078,0,0,0,0,10.666607407736624,10.666607407736624,5.333303703868312,5.333303703868312,5.333303703868312,1.333325925967078,3.999977777901234,50.66638518674896,0,1.333325925967078,0
1777689420000,0,0,0,0,0,0,0,0,0,0,undefined,0,0,0,0,0,0,0,3.999977777901234,3.999977777901234,3.999977777901234,3.999977777901234,3.999977777901234,0,0,0,0,0,0
1777689480000,0,0,0,0,0,0,0,0,0,0,undefined,0,0,0,0,0,0,0,3.999977777901234,3.999977777901234,3.999977777901234,3.999977777901234,3.999977777901234,0,0,0,0,0,0
1777689540000,0,0,0,0,0,0,0,0,0,0,undefined,0,0,0,0,0,0,0,4,4,4,4,4,0,0,0,0,0,0
1777689600000,0,0,0,0,0,0,0,0,0,0,undefined,0,0,0,0,0,0,0,4,4,4,4,4,0,0,0,0,0,0
1777689660000,0,0,0,0,0,0,1.3333333333333333,0,1.3333333333333333,0,undefined,0,0,1.3333333333333333,0,0,0,0,10.666666666666666,10.666666666666666,5.333333333333333,5.333333333333333,5.333333333333333,1.3333333333333333,6.666666666666666,68,0,1.3333333333333333,0
1777689720000,5.333333333333333,5.333333333333333,0,0,0,0,2.6666666666666665,0,2.6666666666666665,0,undefined,0,0,2.6666666666666665,0,0,0,0,17.333333333333332,17.333333333333332,6.666666666666666,6.666666666666666,6.666666666666666,2.6666666666666665,16,158.66666666666666,0,2.6666666666666665,0
1777689780000,50.666666666666664,10.666666666666666,0,0,0,0,2.6666666666666665,1.3333333333333333,4,0,undefined,0,1.3333333333333333,4,0,0,0,0,20,20,6.666666666666666,6.666666666666666,6.666666666666666,2.6666666666666665,21.333333333333332,164,0,2.6666666666666665,0
1777689840000,50.666666666666664,10.666666666666666,0,0,0,0,1.3333333333333333,1.3333333333333333,2.6666666666666665,0,undefined,0,1.3333333333333333,2.6666666666666665,0,0,0,0,13.333333333333332,13.333333333333332,5.333333333333333,5.333333333333333,5.333333333333333,1.3333333333333333,14.666666666666666,96,0,1.3333333333333333,0
1777689900000,52,12,0,0,0,0,1.3333333333333333,1.3333333333333333,2.6666666666666665,0,undefined,0,1.3333333333333333,2.6666666666666665,0,0,0,0,13.333333333333332,13.333333333333332,5.333333333333333,5.333333333333333,5.333333333333333,1.3333333333333333,9.333333333333332,33.33333333333333,0,1.3333333333333333,0
1777689960000,12,12,0,0,0,0,2.6666666666666665,0,2.6666666666666665,0,undefined,0,0,2.6666666666666665,0,0,0,0,17.333333333333332,17.333333333333332,6.666666666666666,6.666666666666666,6.666666666666666,2.6666666666666665,10.666666666666666,74.66666666666666,0,2.6666666666666665,0
1777690020000,17.333140742880634,17.333140742880634,0,0,0,0,3.9999555560493767,0,3.9999555560493767,0,undefined,0,0,3.9999555560493767,0,0,0,0,23.99973333629626,23.99973333629626,7.999911112098753,7.999911112098753,7.999911112098753,3.9999555560493767,19.999777780246884,143.99840001777756,0,3.9999555560493767,0
1777690080000,10.666548149465005,10.666548149465005,0,0,0,0,3.9999555560493767,0,3.9999555560493767,0,undefined,0,0,3.9999555560493767,0,0,0,0,23.99973333629626,23.99973333629626,7.999911112098753,7.999911112098753,7.999911112098753,3.9999555560493767,27.999688892345638,207.9976889145676,0,3.9999555560493767,0
1777690140000,5.333274074732502,5.333274074732502,0,0,0,0,2.666637037366251,0,2.666637037366251,0,undefined,0,0,2.666637037366251,0,0,0,0,17.333140742880634,17.333140742880634,6.666592593415627,6.666592593415627,6.666592593415627,2.666637037366251,21.33309629893001,161.33154076065819,0,2.666637037366251,0
1777690200000,0,0,0,0,0,0,1.3333333333333333,0,1.3333333333333333,0,undefined,0,0,1.3333333333333333,0,0,0,0,10.666666666666666,10.666666666666666,5.333333333333333,5.333333333333333,5.333333333333333,1.3333333333333333,12,92,0,1.3333333333333333,0
1777690260000,0,0,0,0,0,0,0,0,0,0,undefined,0,0,0,0,0,0,0,4,4,4,4,4,0,0,0,0,0,0
1777690320000,0,0,0,0,0,0,0,0,0,0,undefined,0,0,0,0,0,0,0,4,4,4,4,4,0,0,0,0,0,0
1777690380000,0,5.333333333333333,0,0,0,0,0,1.3333333333333333,1.3333333333333333,0,undefined,0,1.3333333333333333,1.3333333333333333,0,0,0,0,6.666666666666666,6.666666666666666,4,4,4,0,9.333333333333332,5.333333333333333,0,0,0
1777690440000,0,5.333333333333333,0,0,0,0,0,2.6666666666666665,1.3333333333333333,0,undefined,0,1.3333333333333333,1.3333333333333333,0,0,0,0,6.666666666666666,6.666666666666666,4,4,4,0,9.333333333333332,5.333333333333333,0,0,0
1777690500000,0,5.333333333333333,0,0,0,0,0,2.6666666666666665,1.3333333333333333,0,undefined,0,1.3333333333333333,1.3333333333333333,0,0,0,0,6.666666666666666,6.666666666666666,4,4,4,0,9.333333333333332,5.333333333333333,0,0,0
1777690560000,0,0,0,0,0,0,0,1.3333111114814755,0,0,undefined,0,0,0,0,0,0,0,3.9999333344444263,3.9999333344444263,3.9999333344444263,3.9999333344444263,3.9999333344444263,0,0,0,0,0,0
1777690620000,0,0,0,0,0,0,0,0,0,0,undefined,0,0,0,0,0,0,0,3.9999333344444263,3.9999333344444263,3.9999333344444263,3.9999333344444263,3.9999333344444263,0,0,0,0,0,0
1777690680000,0,0,0,0,0,0,0,0,0,0,undefined,0,0,0,0,0,0,0,3.9999333344444263,3.9999333344444263,3.9999333344444263,3.9999333344444263,3.9999333344444263,0,0,0,0,0,0
1777690740000,0,0,0,0,0,0,0,0,0,0,undefined,0,0,0,0,0,0,0,3.999977777901234,3.999977777901234,3.999977777901234,3.999977777901234,3.999977777901234,0,0,0,0,0,0
1777690800000,0,0,0,0,0,0,0,0,0,0,undefined,0,0,0,0,0,0,0,3.999977777901234,3.999977777901234,3.999977777901234,3.999977777901234,3.999977777901234,0,0,0,0,0,0
1777690860000,0,0,0,0,0,0,0,0,0,0,undefined,0,0,0,0,0,0,0,3.999977777901234,3.999977777901234,3.999977777901234,3.999977777901234,3.999977777901234,0,0,0,0,0,0
1777690920000,0,0,0,0,0,0,0,0,0,0,undefined,0,0,0,0,0,0,0,4,4,4,4,4,0,0,0,0,0,0
1777690980000,45.33333333333333,5.333333333333333,0,0,0,0,0,1.3333333333333333,1.3333333333333333,0,undefined,0,1.3333333333333333,1.3333333333333333,0,0,0,0,6.666666666666666,6.666666666666666,4,4,4,0,4,5.333333333333333,0,0,0
1777691040000,45.33333333333333,5.333333333333333,0,0,0,0,0,1.3333333333333333,1.3333333333333333,0,undefined,0,1.3333333333333333,1.3333333333333333,0,0,0,0,6.666666666666666,6.666666666666666,4,4,4,0,4,5.333333333333333,0,0,0
1777691100000,45.33333333333333,5.333333333333333,0,0,0,0,0,1.3333333333333333,1.3333333333333333,0,undefined,0,1.3333333333333333,1.3333333333333333,0,0,0,0,6.666666666666666,6.666666666666666,4,4,4,0,4,5.333333333333333,0,0,0
1777691160000,0,0,0,0,0,0,0,0,0,0,undefined,0,0,0,0,0,0,0,4,4,4,4,4,0,0,0,0,0,0
1777691220000,0,0,0,0,0,0,0,0,0,0,undefined,0,0,0,0,0,0,0,4,4,4,4,4,0,0,0,0,0,0
1777691280000,0,0,0,0,0,0,0,0,0,0,undefined,0,0,0,0,0,0,0,4,4,4,4,4,0,0,0,0,0,0
1777691340000,6.666666666666666,6.666666666666666,0,0,0,0,1.3333333333333333,0,1.3333333333333333,0,undefined,0,0,1.3333333333333333,0,0,0,0,10.666666666666666,10.666666666666666,5.333333333333333,5.333333333333333,5.333333333333333,1.3333333333333333,2.6666666666666665,28,0,1.3333333333333333,0
1777691400000,6.6666296298353895,6.6666296298353895,0,0,0,0,1.333325925967078,0,1.333325925967078,0,undefined,0,0,1.333325925967078,0,0,0,0,10.666607407736624,10.666607407736624,5.333303703868312,5.333303703868312,5.333303703868312,1.333325925967078,2.666651851934156,27.99984444530864,0,1.333325925967078,0
1777691460000,11.999800003333279,11.999800003333279,0,0,0,0,2.666622222962951,0,2.666622222962951,0,undefined,0,0,2.666622222962951,0,0,0,0,17.33304444925918,17.33304444925918,6.666555557407378,6.666555557407378,6.666555557407378,2.666622222962951,7.999866668888853,74.66542224296263,0,2.666622222962951,0
1777691520000,5.333244445925902,5.333244445925902,0,0,0,0,2.666622222962951,0,6.666555557407378,0,undefined,0,0,5.333244445925902,0,0,0,0,17.33304444925918,17.33304444925918,6.666555557407378,6.666555557407378,6.666555557407378,2.666622222962951,13.333111114814756,79.99866668888853,0,2.666622222962951,0
1777691580000,50.66610370995877,10.666548149465005,0,0,0,0,2.666637037366251,2.666637037366251,6.666592593415627,0,undefined,0,1.3333185186831256,6.666592593415627,0,0,0,0,19.999777780246884,19.999777780246884,6.666592593415627,6.666592593415627,6.666592593415627,2.666637037366251,17.333140742880634,83.99906667703691,0,2.666637037366251,0
1777691640000,51.99971111271604,11.999933333703702,0,0,0,0,2.666651851934156,2.666651851934156,6.6666296298353895,0,undefined,0,1.333325925967078,6.6666296298353895,0,0,0,0,19.99988888950617,19.99988888950617,6.6666296298353895,6.6666296298353895,6.6666296298353895,2.666651851934156,15.999911111604936,65.33297037238682,0,2.666651851934156,0
1777691700000,57.33301481658435,17.333237037572015,0,0,0,0,2.666651851934156,2.666651851934156,2.666651851934156,0,undefined,0,1.333325925967078,3.999977777901234,0,0,0,0,19.99988888950617,19.99988888950617,6.6666296298353895,6.6666296298353895,6.6666296298353895,2.666651851934156,14.666585185637858,77.33290370609052,0,2.666651851934156,0
1777691760000,11.999933333703702,11.999933333703702,0,0,0,0,2.666651851934156,0,2.666651851934156,0,undefined,0,0,2.666651851934156,0,0,0,0,17.333237037572015,17.333237037572015,6.6666296298353895,6.6666296298353895,6.6666296298353895,2.666651851934156,10.666607407736624,73.33292592818928,0,2.666651851934156,0
1777691820000,5.333333333333333,5.333333333333333,0,0,0,0,1.3333333333333333,0,1.3333333333333333,0,undefined,0,0,1.3333333333333333,0,0,0,0,10.666666666666666,10.666666666666666,5.333333333333333,5.333333333333333,5.333333333333333,1.3333333333333333,6.666666666666666,45.33333333333333,0,1.3333333333333333,0
1777691880000,0,0,0,0,0,0,0,0,0,0,undefined,0,0,0,0,0,0,0,4,4,4,4,4,0,0,0,0,0,0
1777691940000,0,0,0,0,0,0,0,0,0,0,undefined,0,0,0,0,0,0,0,3.999977777901234,3.999977777901234,3.999977777901234,3.999977777901234,3.999977777901234,0,0,0,0,0,0
1777692000000,0,0,0,0,0,0,0,0,0,0,undefined,0,0,0,0,0,0,0,3.999977777901234,3.999977777901234,3.999977777901234,3.999977777901234,3.999977777901234,0,0,0,0,0,0
1777692060000,0,0,0,0,0,0,0,0,0,0,undefined,0,0,0,0,0,0,0,3.999977777901234,3.999977777901234,3.999977777901234,3.999977777901234,3.999977777901234,0,0,0,0,0,0
1777692120000,0,0,0,0,0,0,0,0,0,0,undefined,0,0,0,0,0,0,0,3.999977777901234,3.999977777901234,3.999977777901234,3.999977777901234,3.999977777901234,0,0,0,0,0,0
1777692180000,51.99826672444252,11.99960001333289,0,0,0,0,1.333288890370321,1.333288890370321,1.333288890370321,1.333288890370321,undefined,0,1.333288890370321,1.333288890370321,0,0,0,0,10.666311122962568,10.666311122962568,5.333155561481284,5.333155561481284,5.333155561481284,1.333288890370321,5.333155561481284,29.332355588147063,0,1.333288890370321,0
1777692240000,51.997400129993494,11.9994000299985,0,0,0,0,1.3332666699998332,1.3332666699998332,1.3332666699998332,2.6665333399996665,0,0,1.3332666699998332,1.3332666699998332,0,0,0,0,10.666133359998666,10.666133359998666,5.333066679999333,5.333066679999333,5.333066679999333,1.3332666699998332,5.333066679999333,29.331866739996332,0,1.3332666699998332,0
1777692300000,51.99768899160037,11.999466690369317,0,0,0,0,1.3332740767077018,1.3332740767077018,1.3332740767077018,3.9998222301231054,1.9999500012499687,0,1.3332740767077018,1.3332740767077018,0,0,0,0,10.666192613661615,10.666192613661615,5.333096306830807,5.333096306830807,5.333096306830807,1.3332740767077018,5.333096306830807,29.332029687569438,0,1.3332740767077018,0
1777692360000,0,0,0,0,0,0,0,0,0,3.999933334444426,2.6666222229629506,0,0,0,0,0,0,0,3.999933334444426,3.999933334444426,3.999933334444426,3.999933334444426,3.999933334444426,0,0,0,0,0,0
1777692420000,5.333303703868312,5.333303703868312,0,0,0,0,1.333325925967078,0,1.333325925967078,2.666651851934156,2.666651851934156,0,0,1.333325925967078,0,0,0,0,10.666607407736624,10.666607407736624,5.333303703868312,5.333303703868312,5.333303703868312,1.333325925967078,6.6666296298353895,46.66640740884773,0,1.333325925967078,0
1777692480000,5.333214817448502,5.333214817448502,0,0,0,0,1.3333037043621254,0,1.3333037043621254,1.3333037043621254,1.3333037043621254,0,0,1.3333037043621254,0,0,0,0,10.666429634897003,10.666429634897003,5.333214817448502,5.333214817448502,5.333214817448502,1.3333037043621254,6.666518521810627,46.66562965267439,0,1.3333037043621254,0
1777692540000,5.333214817448502,5.333214817448502,0,0,0,0,1.3333037043621254,0,1.3333037043621254,0,0,0,0,1.3333037043621254,0,0,0,0,10.666429634897003,10.666429634897003,5.333214817448502,5.333214817448502,5.333214817448502,1.3333037043621254,6.666518521810627,46.66562965267439,0,1.3333037043621254,0
1777692600000,0,0,0,0,0,0,0,0,0,0,0,0,0,0,0,0,0,0,3.9999333344444263,3.9999333344444263,3.9999333344444263,3.9999333344444263,3.9999333344444263,0,0,0,0,0,0
1777692660000,0,0,0,0,0,0,0,0,0,0,0,0,0,0,0,0,0,0,4,4,4,4,4,0,0,0,0,0,0
1777692720000,0,0,0,0,0,0,0,0,0,0,0,0,0,0,0,0,0,0,4,4,4,4,4,0,0,0,0,0,0
1777692780000,45.33282963522627,5.333274074732502,0,0,0,0,0,1.3333185186831256,1.3333185186831256,0,0,0,1.3333185186831256,1.3333185186831256,0,0,0,0,6.666592593415627,6.666592593415627,3.9999555560493767,3.9999555560493767,3.9999555560493767,0,5.333274074732502,5.333274074732502,0,0,0
1777692840000,45.33282963522627,5.333274074732502,0,0,0,0,0,1.3333185186831256,1.3333185186831256,0,0,0,1.3333185186831256,1.3333185186831256,0,0,0,0,6.666592593415627,6.666592593415627,3.9999555560493767,3.9999555560493767,3.9999555560493767,0,5.333274074732502,5.333274074732502,0,0,0
1777692900000,45.33282963522627,5.333274074732502,0,0,0,0,0,1.3333185186831256,1.3333185186831256,0,0,0,1.3333185186831256,1.3333185186831256,0,0,0,0,6.666592593415627,6.666592593415627,3.9999555560493767,3.9999555560493767,3.9999555560493767,0,5.333274074732502,5.333274074732502,0,0,0
1777692960000,0,0,0,0,0,0,0,0,0,0,0,0,0,0,0,0,0,0,3.999977777901234,3.999977777901234,3.999977777901234,3.999977777901234,3.999977777901234,0,0,0,0,0,0
1777693020000,0,0,0,0,0,0,0,0,0,0,0,0,0,0,0,0,0,0,3.999977777901234,3.999977777901234,3.999977777901234,3.999977777901234,3.999977777901234,0,0,0,0,0,0
1777693080000,0,0,0,0,0,0,0,0,0,0,0,0,0,0,0,0,0,0,3.999977777901234,3.999977777901234,3.999977777901234,3.999977777901234,3.999977777901234,0,0,0,0,0,0
1777693140000,6.666666666666666,6.666666666666666,0,0,0,0,1.3333333333333333,0,1.3333333333333333,0,0,0,0,1.3333333333333333,0,0,0,0,10.666666666666666,10.666666666666666,5.333333333333333,5.333333333333333,5.333333333333333,1.3333333333333333,4,26.666666666666664,0,1.3333333333333333,0
1777693200000,6.666666666666666,6.666666666666666,0,0,0,0,1.3333333333333333,0,1.3333333333333333,0,0,0,0,1.3333333333333333,0,0,0,0,10.666666666666666,10.666666666666666,5.333333333333333,5.333333333333333,5.333333333333333,1.3333333333333333,4,26.666666666666664,0,1.3333333333333333,0
1777693260000,12,12,0,0,0,0,2.6666666666666665,0,2.6666666666666665,0,0,0,0,2.6666666666666665,0,0,0,0,17.333333333333332,17.333333333333332,6.666666666666666,6.666666666666666,6.666666666666666,2.6666666666666665,10.666666666666666,70.66666666666666,0,2.6666666666666665,0
1777693320000,10.666666666666666,10.666666666666666,0,0,0,0,2.6666666666666665,0,2.6666666666666665,0,0,0,0,2.6666666666666665,0,0,0,0,17.333333333333332,17.333333333333332,6.666666666666666,6.666666666666666,6.666666666666666,2.6666666666666665,16,109.33333333333333,0,2.6666666666666665,0
1777693380000,56,16,0,0,0,0,2.6666666666666665,1.3333333333333333,4,0,0,0,1.3333333333333333,4,0,0,0,0,20,20,6.666666666666666,6.666666666666666,6.666666666666666,2.6666666666666665,21.333333333333332,114.66666666666666,0,2.6666666666666665,0
1777693440000,50.66638518674896,10.666607407736624,0,0,0,0,1.333325925967078,1.333325925967078,2.666651851934156,0,0,0,1.333325925967078,2.666651851934156,0,0,0,0,13.333259259670779,13.333259259670779,5.333303703868312,5.333303703868312,5.333303703868312,1.333325925967078,14.666585185637858,70.66627407625514,0,1.333325925967078,0
1777693500000,45.33308148288065,5.333303703868312,0,0,0,0,0,1.333325925967078,1.333325925967078,0,0,0,1.333325925967078,1.333325925967078,0,0,0,0,6.6666296298353895,6.6666296298353895,3.999977777901234,3.999977777901234,3.999977777901234,0,5.333303703868312,5.333303703868312,0,0,0
1777693560000,6.6666296298353895,6.6666296298353895,0,0,0,0,1.333325925967078,0,1.333325925967078,0,0,0,0,1.333325925967078,0,0,0,0,10.666607407736624,10.666607407736624,5.333303703868312,5.333303703868312,5.333303703868312,1.333325925967078,3.999977777901234,27.99984444530864,0,1.333325925967078,0
1777693620000,6.666666666666666,6.666666666666666,0,0,0,0,1.3333333333333333,0,1.3333333333333333,0,0,0,0,1.3333333333333333,0,0,0,0,10.666666666666666,10.666666666666666,5.333333333333333,5.333333333333333,5.333333333333333,1.3333333333333333,4,28,0,1.3333333333333333,0
1777693680000,6.666666666666666,6.666666666666666,0,0,0,0,1.3333333333333333,0,1.3333333333333333,0,0,0,0,1.3333333333333333,0,0,0,0,10.666666666666666,10.666666666666666,5.333333333333333,5.333333333333333,5.333333333333333,1.3333333333333333,4,28,0,1.3333333333333333,0
1777693740000,0,0,0,0,0,0,0,0,0,0,0,0,0,0,0,0,0,0,4,4,4,4,4,0,0,0,0,0,0
1777693800000,0,0,0,0,0,0,0,0,0,0,0,0,0,0,0,0,0,0,3.999977777901234,3.999977777901234,3.999977777901234,3.999977777901234,3.999977777901234,0,0,0,0,0,0
1777693860000,0,0,0,0,0,0,0,0,0,0,0,0,0,0,0,0,0,0,3.999977777901234,3.999977777901234,3.999977777901234,3.999977777901234,3.999977777901234,0,0,0,0,0,0
1777693920000,0,0,0,0,0,0,0,0,0,0,0,0,0,0,0,0,0,0,3.999977777901234,3.999977777901234,3.999977777901234,3.999977777901234,3.999977777901234,0,0,0,0,0,0
1777693980000,45.33282963522627,5.333274074732502,0,0,0,0,0,1.3333185186831256,1.3333185186831256,0,0,0,1.3333185186831256,1.3333185186831256,0,0,0,0,6.666592593415627,6.666592593415627,3.9999555560493767,3.9999555560493767,3.9999555560493767,0,5.333274074732502,3.9999555560493767,0,0,0
1777694040000,45.33232594831227,5.333214817448502,0,0,0,0,0,1.3333037043621254,1.3333037043621254,0,0,0,1.3333037043621254,1.3333037043621254,0,0,0,0,6.666518521810627,6.666518521810627,3.9999111130863763,3.9999111130863763,3.9999111130863763,0,5.333214817448502,3.9999111130863763,0,0,0
1777694100000,45.33232594831227,5.333214817448502,0,0,0,0,0,1.3333037043621254,1.3333037043621254,0,0,0,1.3333037043621254,1.3333037043621254,0,0,0,0,6.666518521810627,6.666518521810627,3.9999111130863763,3.9999111130863763,3.9999111130863763,0,5.333214817448502,3.9999111130863763,0,0,0
1777694160000,0,0,0,0,0,0,0,0,0,0,0,0,0,0,0,0,0,0,3.9999555560493767,3.9999555560493767,3.9999555560493767,3.9999555560493767,3.9999555560493767,0,0,0,0,0,0
1777694220000,0,0,0,0,0,0,0,0,0,0,0,0,0,0,0,0,0,0,4,4,4,4,4,0,0,0,0,0,0
1777694280000,0,0,0,0,0,0,0,0,0,0,0,0,0,0,0,0,0,0,3.999977777901234,3.999977777901234,3.999977777901234,3.999977777901234,3.999977777901234,0,0,0,0,0,0
1777694340000,0,0,0,0,0,0,0,0,0,0,0,0,0,0,0,0,0,0,3.999977777901234,3.999977777901234,3.999977777901234,3.999977777901234,3.999977777901234,0,0,0,0,0,0
1777694400000,0,0,0,0,0,0,0,0,0,0,0,0,0,0,0,0,0,0,3.999977777901234,3.999977777901234,3.999977777901234,3.999977777901234,3.999977777901234,0,0,0,0,0,0
1777694460000,0,0,0,0,0,0,0,0,0,0,0,0,0,0,0,0,0,0,4,4,4,4,4,0,0,0,0,0,0
1777694520000,0,0,0,0,0,0,0,0,0,0,0,0,0,0,0,0,0,0,3.999977777901234,3.999977777901234,3.999977777901234,3.999977777901234,3.999977777901234,0,0,0,0,0,0
1777694580000,45.33308148288065,5.333303703868312,0,0,0,0,0,1.333325925967078,1.333325925967078,0,0,0,1.333325925967078,1.333325925967078,0,0,0,0,6.6666296298353895,6.6666296298353895,3.999977777901234,3.999977777901234,3.999977777901234,0,3.999977777901234,5.333303703868312,0,0,0
1777694640000,51.99971111271604,11.999933333703702,0,0,0,0,1.333325925967078,1.333325925967078,2.666651851934156,0,0,0,1.333325925967078,2.666651851934156,0,0,0,0,13.333259259670779,13.333259259670779,5.333303703868312,5.333303703868312,5.333303703868312,1.333325925967078,6.6666296298353895,33.33314814917695,0,1.333325925967078,0
1777694700000,52,12,0,0,0,0,2.6666666666666665,1.3333333333333333,4,0,0,0,1.3333333333333333,4,0,0,0,0,20,20,6.666666666666666,6.666666666666666,6.666666666666666,2.6666666666666665,12,78.66666666666666,0,2.6666666666666665,0
1777694760000,6.666666666666666,6.666666666666666,0,0,0,0,2.6666666666666665,0,2.6666666666666665,0,0,0,0,2.6666666666666665,0,0,0,0,17.333333333333332,17.333333333333332,6.666666666666666,6.666666666666666,6.666666666666666,2.6666666666666665,8,73.33333333333333,0,2.6666666666666665,0
1777694820000,0,0,0,0,0,0,1.3333333333333333,0,1.3333333333333333,0,0,0,0,1.3333333333333333,0,0,0,0,10.666666666666666,10.666666666666666,5.333333333333333,5.333333333333333,5.333333333333333,1.3333333333333333,5.333333333333333,45.33333333333333,0,1.3333333333333333,0
1777694880000,0,0,0,0,0,0,0,0,0,0,0,0,0,0,0,0,0,0,4,4,4,4,4,0,0,0,0,0,0
1777694940000,0,0,0,0,0,0,0,0,0,0,0,0,0,0,0,0,0,0,4,4,4,4,4,0,0,0,0,0,0
1777695000000,0,0,0,0,0,0,0,0,0,0,0,0,0,0,0,0,0,0,4,4,4,4,4,0,0,0,0,0,0
1777695060000,0,0,0,0,0,0,0,0,0,0,0,0,0,0,0,0,0,0,4,4,4,4,4,0,0,0,0,0,0
1777695120000,45.33308148288065,5.333303703868312,0,0,0,0,0,1.333325925967078,1.333325925967078,0,0,0,1.333325925967078,1.333325925967078,0,0,0,0,6.6666296298353895,6.6666296298353895,3.999977777901234,3.999977777901234,3.999977777901234,0,3.999977777901234,5.333303703868312,0,0,0
1777695180000,55.99968889061728,18.666562963539093,0,0,1.333325925967078,1.333325925967078,1.333325925967078,45.33308148288065,3.999977777901234,0,0,0,45.33308148288065,2.666651851934156,0,0,0,0,15.999911111604936,13.333259259670779,5.333303703868312,5.333303703868312,5.333303703868312,1.333325925967078,7.999955555802468,55.99968889061728,1.333325925967078,1.333325925967078,3.999977777901234
1777695240000,55.99968889061728,18.666562963539093,0,0,1.333325925967078,1.333325925967078,1.333325925967078,45.33308148288065,3.999977777901234,0,0,0,45.33308148288065,2.666651851934156,0,0,0,0,18.666562963539093,15.999911111604936,5.333303703868312,5.333303703868312,5.333303703868312,1.333325925967078,13.333259259670779,63.999644446419744,1.333325925967078,1.333325925967078,3.999977777901234
1777695300000,16,18.666666666666664,0,0,1.3333333333333333,1.3333333333333333,2.6666666666666665,44,4,0,0,0,44,2.6666666666666665,0,0,0,0,22.666666666666664,20,6.666666666666666,6.666666666666666,6.666666666666666,2.6666666666666665,16,126.66666666666666,1.3333333333333333,2.6666666666666665,4
1777695360000,5.333333333333333,5.333333333333333,0,0,0,0,1.3333333333333333,0,1.3333333333333333,0,0,0,0,1.3333333333333333,0,0,0,0,13.333333333333332,13.333333333333332,5.333333333333333,5.333333333333333,5.333333333333333,1.3333333333333333,12,76,0,1.3333333333333333,0
1777695420000,5.333333333333333,5.333333333333333,0,0,0,0,1.3333333333333333,0,1.3333333333333333,0,0,0,0,1.3333333333333333,0,0,0,0,10.666666666666666,10.666666666666666,5.333333333333333,5.333333333333333,5.333333333333333,1.3333333333333333,6.666666666666666,68,0,1.3333333333333333,0
1777695480000,0,0,0,0,0,0,0,0,0,0,0,0,0,0,0,0,0,0,4,4,4,4,4,0,0,0,0,0,0
1777695540000,0,0,0,0,0,0,0,0,0,0,0,0,0,0,0,0,0,0,4,4,4,4,4,0,0,0,0,0,0
1777695600000,0,0,0,0,0,0,0,0,0,0,0,0,0,0,0,0,0,0,3.999977777901234,3.999977777901234,3.999977777901234,3.999977777901234,3.999977777901234,0,0,0,0,0,0
1777695660000,0,0,0,0,0,0,0,0,0,0,0,0,0,0,0,0,0,0,3.9999555560493767,3.9999555560493767,3.9999555560493767,3.9999555560493767,3.9999555560493767,0,0,0,0,0,0
1777695720000,0,0,0,0,0,0,0,0,0,0,0,0,0,0,0,0,0,0,3.9999555560493767,3.9999555560493767,3.9999555560493767,3.9999555560493767,3.9999555560493767,0,0,0,0,0,0
1777695780000,45.33308148288065,5.333303703868312,0,0,0,0,0,1.333325925967078,1.333325925967078,0,0,0,1.333325925967078,1.333325925967078,0,0,0,0,6.6666296298353895,6.6666296298353895,3.999977777901234,3.999977777901234,3.999977777901234,0,5.333303703868312,5.333303703868312,0,0,0
1777695840000,45.332577790370166,5.333244445925902,0,0,0,0,0,1.3333111114814755,1.3333111114814755,0,0,0,1.3333111114814755,1.3333111114814755,0,0,0,0,6.666555557407378,6.666555557407378,3.9999333344444263,3.9999333344444263,3.9999333344444263,0,5.333244445925902,5.333244445925902,0,0,0
1777695900000,45.332577790370166,5.333244445925902,0,0,0,0,0,1.3333111114814755,1.3333111114814755,0,0,0,1.3333111114814755,1.3333111114814755,0,0,0,0,6.666555557407378,6.666555557407378,3.9999333344444263,3.9999333344444263,3.9999333344444263,0,5.333244445925902,5.333244445925902,0,0,0
1777695960000,0,0,0,0,0,0,0,0,0,0,0,0,0,0,0,0,0,0,3.9999333344444263,3.9999333344444263,3.9999333344444263,3.9999333344444263,3.9999333344444263,0,0,0,0,0,0
1777696020000,0,0,0,0,0,0,0,0,0,0,0,0,0,0,0,0,0,0,3.999977777901234,3.999977777901234,3.999977777901234,3.999977777901234,3.999977777901234,0,0,0,0,0,0
1777696080000,0,0,0,0,0,0,0,0,0,0,0,0,0,0,0,0,0,0,3.999977777901234,3.999977777901234,3.999977777901234,3.999977777901234,3.999977777901234,0,0,0,0,0,0
1777696140000,0,0,0,0,0,0,0,0,0,0,0,0,0,0,0,0,0,0,3.999977777901234,3.999977777901234,3.999977777901234,3.999977777901234,3.999977777901234,0,0,0,0,0,0
1777696200000,0,0,0,0,0,0,0,0,0,0,0,0,0,0,0,0,0,0,3.999977777901234,3.999977777901234,3.999977777901234,3.999977777901234,3.999977777901234,0,0,0,0,0,0
1777696260000,6.6666296298353895,6.6666296298353895,0,0,0,0,1.333325925967078,0,1.333325925967078,0,0,0,0,1.333325925967078,0,0,0,0,10.666607407736624,10.666607407736624,5.333303703868312,5.333303703868312,5.333303703868312,1.333325925967078,3.999977777901234,27.99984444530864,0,1.333325925967078,0
1777696320000,6.6666296298353895,6.6666296298353895,0,0,0,0,1.333325925967078,0,1.333325925967078,0,0,0,0,1.333325925967078,0,0,0,0,10.666607407736624,10.666607407736624,5.333303703868312,5.333303703868312,5.333303703868312,1.333325925967078,3.999977777901234,27.99984444530864,0,1.333325925967078,0
1777696380000,51.99971111271604,11.999933333703702,0,0,0,0,1.333325925967078,1.333325925967078,2.666651851934156,0,0,0,1.333325925967078,2.666651851934156,0,0,0,0,13.333259259670779,13.333259259670779,5.333303703868312,5.333303703868312,5.333303703868312,1.333325925967078,9.333281481769546,31.999822223209872,0,1.333325925967078,0
1777696440000,45.33308148288065,5.333303703868312,0,0,0,0,0,1.333325925967078,1.333325925967078,0,0,0,1.333325925967078,1.333325925967078,0,0,0,0,6.6666296298353895,6.6666296298353895,3.999977777901234,3.999977777901234,3.999977777901234,0,5.333303703868312,3.999977777901234,0,0,0
1777696500000,45.33308148288065,5.333303703868312,0,0,0,0,0,1.333325925967078,1.333325925967078,0,0,0,1.333325925967078,1.333325925967078,0,0,0,0,6.6666296298353895,6.6666296298353895,3.999977777901234,3.999977777901234,3.999977777901234,0,5.333303703868312,3.999977777901234,0,0,0
1777696560000,6.666666666666666,6.666666666666666,0,0,0,0,1.3333333333333333,0,1.3333333333333333,0,0,0,0,1.3333333333333333,0,0,0,0,10.666666666666666,10.666666666666666,5.333333333333333,5.333333333333333,5.333333333333333,1.3333333333333333,4,28,0,1.3333333333333333,0
1777696620000,6.666666666666666,6.666666666666666,0,0,0,0,1.3333333333333333,0,1.3333333333333333,0,0,0,0,1.3333333333333333,0,0,0,0,10.666666666666666,10.666666666666666,5.333333333333333,5.333333333333333,5.333333333333333,1.3333333333333333,4,28,0,1.3333333333333333,0
1777696680000,6.666666666666666,6.666666666666666,0,0,0,0,1.3333333333333333,0,1.3333333333333333,0,0,0,0,1.3333333333333333,0,0,0,0,10.666666666666666,10.666666666666666,5.333333333333333,5.333333333333333,5.333333333333333,1.3333333333333333,4,28,0,1.3333333333333333,0
1777696740000,0,0,0,0,0,0,0,0,0,0,0,0,0,0,0,0,0,0,4,4,4,4,4,0,0,0,0,0,0
1777696800000,0,0,0,0,0,0,0,0,0,0,0,0,0,0,0,0,0,0,4,4,4,4,4,0,0,0,0,0,0
1777696860000,0,0,0,0,0,0,0,0,0,0,0,0,0,0,0,0,0,0,4,4,4,4,4,0,0,0,0,0,0
1777696920000,5.333333333333333,5.333333333333333,0,0,0,0,1.3333333333333333,0,4,0,0,0,0,2.6666666666666665,0,0,0,0,10.666666666666666,10.666666666666666,5.333333333333333,5.333333333333333,5.333333333333333,1.3333333333333333,6.666666666666666,46.666666666666664,0,1.3333333333333333,0
1777696980000,50.666666666666664,10.666666666666666,0,0,0,0,1.3333333333333333,1.3333333333333333,5.333333333333333,0,0,0,1.3333333333333333,4,0,0,0,0,13.333333333333332,13.333333333333332,5.333333333333333,5.333333333333333,5.333333333333333,1.3333333333333333,12,50.666666666666664,0,1.3333333333333333,0
1777697040000,57.33301481658435,17.333237037572015,0,0,0,0,2.666651851934156,1.333325925967078,6.6666296298353895,0,0,0,1.333325925967078,5.333303703868312,0,0,0,0,19.99988888950617,19.99988888950617,6.6666296298353895,6.6666296298353895,6.6666296298353895,2.666651851934156,15.999911111604936,78.66622963205761,0,2.666651851934156,0
1777697100000,51.99971111271604,11.999933333703702,0,0,0,0,2.666651851934156,1.333325925967078,3.999977777901234,0,0,0,1.333325925967078,3.999977777901234,0,0,0,0,19.99988888950617,19.99988888950617,6.6666296298353895,6.6666296298353895,6.6666296298353895,2.666651851934156,15.999911111604936,78.66622963205761,0,2.666651851934156,0
1777697160000,6.6666296298353895,6.6666296298353895,0,0,0,0,2.666651851934156,0,2.666651851934156,0,0,0,0,2.666651851934156,0,0,0,0,17.333237037572015,17.333237037572015,6.6666296298353895,6.6666296298353895,6.6666296298353895,2.666651851934156,10.666607407736624,74.66625185415637,0,2.666651851934156,0
1777697220000,0,0,0,0,0,0,1.3333333333333333,0,1.3333333333333333,0,0,0,0,1.3333333333333333,0,0,0,0,10.666666666666666,10.666666666666666,5.333333333333333,5.333333333333333,5.333333333333333,1.3333333333333333,6.666666666666666,46.666666666666664,0,1.3333333333333333,0
1777697280000,0,0,0,0,0,0,0,0,0,0,0,0,0,0,0,0,0,0,4,4,4,4,4,0,0,0,0,0,0
1777697340000,0,0,0,0,0,0,0,0,0,0,0,0,0,0,0,0,0,0,4,4,4,4,4,0,0,0,0,0,0
1777697400000,0,0,0,0,0,0,0,0,0,0,0,0,0,0,0,0,0,0,3.999977777901234,3.999977777901234,3.999977777901234,3.999977777901234,3.999977777901234,0,0,0,0,0,0
1777697460000,0,0,0,0,0,0,0,0,0,0,0,0,0,0,0,0,0,0,3.999977777901234,3.999977777901234,3.999977777901234,3.999977777901234,3.999977777901234,0,0,0,0,0,0
1777697520000,0,0,0,0,0,0,0,0,0,0,0,0,0,0,0,0,0,0,3.999977777901234,3.999977777901234,3.999977777901234,3.999977777901234,3.999977777901234,0,0,0,0,0,0
1777697580000,45.33333333333333,5.333333333333333,0,0,0,0,0,1.3333333333333333,1.3333333333333333,0,0,0,1.3333333333333333,1.3333333333333333,0,0,0,0,6.666666666666666,6.666666666666666,4,4,4,0,5.333333333333333,5.333333333333333,0,0,0
1777697640000,45.33333333333333,5.333333333333333,0,0,0,0,0,1.3333333333333333,1.3333333333333333,0,0,0,1.3333333333333333,1.3333333333333333,0,0,0,0,6.666666666666666,6.666666666666666,4,4,4,0,5.333333333333333,5.333333333333333,0,0,0
1777697700000,45.33308148288065,5.333303703868312,0,0,0,0,0,1.333325925967078,1.333325925967078,0,0,0,1.333325925967078,1.333325925967078,0,0,0,0,6.6666296298353895,6.6666296298353895,3.999977777901234,3.999977777901234,3.999977777901234,0,5.333303703868312,5.333303703868312,0,0,0
1777697760000,0,0,0,0,0,0,0,0,0,0,0,0,0,0,0,0,0,0,3.999977777901234,3.999977777901234,3.999977777901234,3.999977777901234,3.999977777901234,0,0,0,0,0,0
1777697820000,0,0,0,0,0,0,0,0,0,0,0,0,0,0,0,0,0,0,3.999977777901234,3.999977777901234,3.999977777901234,3.999977777901234,3.999977777901234,0,0,0,0,0,0
1777697880000,0,0,0,0,0,0,0,0,0,0,0,0,0,0,0,0,0,0,4,4,4,4,4,0,0,0,0,0,0
1777697940000,0,0,0,0,0,0,0,0,0,0,0,0,0,0,0,0,0,0,4,4,4,4,4,0,0,0,0,0,0
1777698000000,0,0,0,0,0,0,0,0,0,0,0,0,0,0,0,0,0,0,4,4,4,4,4,0,0,0,0,0,0
1777698060000,0,0,0,0,0,0,0,0,0,0,0,0,0,0,0,0,0,0,4,4,4,4,4,0,0,0,0,0,0
1777698120000,0,0,0,0,0,0,0,0,0,0,0,0,0,0,0,0,0,0,4,4,4,4,4,0,0,0,0,0,0
1777698180000,45.33282963522627,5.333274074732502,0,0,0,0,0,1.3333185186831256,1.3333185186831256,0,0,0,1.3333185186831256,1.3333185186831256,0,0,0,0,6.666592593415627,6.666592593415627,3.9999555560493767,3.9999555560493767,3.9999555560493767,0,3.9999555560493767,5.333274074732502,0,0,0
1777698240000,45.33282963522627,5.333274074732502,0,0,0,0,0,1.3333185186831256,1.3333185186831256,0,0,0,1.3333185186831256,1.3333185186831256,0,0,0,0,6.666592593415627,6.666592593415627,3.9999555560493767,3.9999555560493767,3.9999555560493767,0,3.9999555560493767,5.333274074732502,0,0,0
1777698300000,45.33257779037016,5.333244445925901,0,0,0,0,0,1.3333111114814753,1.3333111114814753,0,0,0,1.3333111114814753,1.3333111114814753,0,0,0,0,6.666555557407376,6.666555557407376,3.999933334444426,3.999933334444426,3.999933334444426,0,3.999933334444426,5.333244445925901,0,0,0
1777698360000,0,0,0,0,0,0,0,0,0,0,0,0,0,0,0,0,0,0,3.999977777901234,3.999977777901234,3.999977777901234,3.999977777901234,3.999977777901234,0,0,0,0,0,0
1777698420000,0,0,0,0,0,0,0,0,0,0,0,0,0,0,0,0,0,0,3.999977777901234,3.999977777901234,3.999977777901234,3.999977777901234,3.999977777901234,0,0,0,0,0,0
1777698480000,0,0,0,0,0,0,0,0,0,0,0,0,0,0,0,0,0,0,4,4,4,4,4,0,0,0,0,0,0
1777698540000,0,0,0,0,0,0,0,0,0,0,0,0,0,0,0,0,0,0,4,4,4,4,4,0,0,0,0,0,0
1777698600000,0,0,0,0,0,0,0,0,0,0,0,0,0,0,0,0,0,0,3.999977777901234,3.999977777901234,3.999977777901234,3.999977777901234,3.999977777901234,0,0,0,0,0,0
1777698660000,0,0,0,0,0,0,0,0,0,0,0,0,0,0,0,0,0,0,3.999977777901234,3.999977777901234,3.999977777901234,3.999977777901234,3.999977777901234,0,0,0,0,0,0
1777698720000,45.33308148288065,5.333303703868312,0,0,0,0,0,1.333325925967078,1.333325925967078,0,0,0,1.333325925967078,1.333325925967078,0,0,0,0,6.6666296298353895,6.6666296298353895,3.999977777901234,3.999977777901234,3.999977777901234,0,2.666651851934156,3.999977777901234,0,0,0
1777698780000,45.33333333333333,5.333333333333333,0,0,0,0,0,1.3333333333333333,1.3333333333333333,0,0,0,1.3333333333333333,1.3333333333333333,0,0,0,0,6.666666666666666,6.666666666666666,4,4,4,0,2.6666666666666665,4,0,0,0
1777698840000,45.33333333333333,5.333333333333333,0,0,0,0,0,1.3333333333333333,1.3333333333333333,0,0,0,1.3333333333333333,1.3333333333333333,0,0,0,0,6.666666666666666,6.666666666666666,4,4,4,0,2.6666666666666665,4,0,0,0
1777698900000,0,0,0,0,0,0,0,0,0,0,0,0,0,0,0,0,0,0,4,4,4,4,4,0,0,0,0,0,0
1777698960000,6.666666666666666,6.666666666666666,0,0,0,0,1.3333333333333333,0,1.3333333333333333,0,0,0,0,1.3333333333333333,0,0,0,0,10.666666666666666,10.666666666666666,5.333333333333333,5.333333333333333,5.333333333333333,1.3333333333333333,2.6666666666666665,28,0,1.3333333333333333,0
1777699020000,12,12,0,0,0,0,2.6666666666666665,0,2.6666666666666665,0,0,0,0,2.6666666666666665,0,0,0,0,17.333333333333332,17.333333333333332,6.666666666666666,6.666666666666666,6.666666666666666,2.6666666666666665,8,74.66666666666666,0,2.6666666666666665,0
1777699080000,21.333333333333332,22.666666666666664,0,0,0,0,4,0,4,0,0,0,0,4,0,0,0,0,24,24,8,8,8,4,16,168,0,4,0
1777699140000,14.666666666666666,16,0,0,0,0,2.6666666666666665,0,2.6666666666666665,0,0,0,0,2.6666666666666665,0,0,0,0,17.333333333333332,17.333333333333332,6.666666666666666,6.666666666666666,6.666666666666666,2.6666666666666665,13.333333333333332,140,0,2.6666666666666665,0
1777699200000,9.333333333333332,10.666666666666666,0,0,0,0,1.3333333333333333,0,1.3333333333333333,0,0,0,0,1.3333333333333333,0,0,0,0,10.666666666666666,10.666666666666666,5.333333333333333,5.333333333333333,5.333333333333333,1.3333333333333333,8,93.33333333333333,0,1.3333333333333333,0
1777699260000,0,0,0,0,0,0,0,0,0,0,0,0,0,0,0,0,0,0,3.999977777901234,3.999977777901234,3.999977777901234,3.999977777901234,3.999977777901234,0,0,0,0,0,0
1777699320000,45.33308148288065,5.333303703868312,0,0,0,0,0,1.333325925967078,1.333325925967078,0,0,0,1.333325925967078,1.333325925967078,0,0,0,0,6.6666296298353895,6.6666296298353895,3.999977777901234,3.999977777901234,3.999977777901234,0,3.999977777901234,5.333303703868312,0,0,0
1777699380000,45.33308148288065,5.333303703868312,0,0,0,0,0,1.333325925967078,1.333325925967078,0,0,0,1.333325925967078,1.333325925967078,0,0,0,0,6.6666296298353895,6.6666296298353895,3.999977777901234,3.999977777901234,3.999977777901234,0,3.999977777901234,5.333303703868312,0,0,0
1777699440000,52,12,0,0,0,0,1.3333333333333333,1.3333333333333333,2.6666666666666665,0,0,0,1.3333333333333333,2.6666666666666665,0,0,0,0,13.333333333333332,13.333333333333332,5.333333333333333,5.333333333333333,5.333333333333333,1.3333333333333333,8,33.33333333333333,0,1.3333333333333333,0
1777699500000,12,12,0,0,0,0,2.6666666666666665,0,2.6666666666666665,0,0,0,0,2.6666666666666665,0,0,0,0,17.333333333333332,17.333333333333332,6.666666666666666,6.666666666666666,6.666666666666666,2.6666666666666665,10.666666666666666,74.66666666666666,0,2.6666666666666665,0
1777699560000,17.333333333333332,17.333333333333332,0,0,0,0,4,0,4,0,0,0,0,4,0,0,0,0,24,24,8,8,8,4,20,142.66666666666666,0,4,0
1777699620000,10.666666666666666,10.666666666666666,0,0,0,0,2.6666666666666665,0,2.6666666666666665,0,0,0,0,2.6666666666666665,0,0,0,0,17.333333333333332,17.333333333333332,6.666666666666666,6.666666666666666,6.666666666666666,2.6666666666666665,16,114.66666666666666,0,2.6666666666666665,0
1777699680000,5.333333333333333,5.333333333333333,0,0,0,0,2.6666666666666665,0,2.6666666666666665,0,0,0,0,2.6666666666666665,0,0,0,0,17.333333333333332,17.333333333333332,6.666666666666666,6.666666666666666,6.666666666666666,2.6666666666666665,21.333333333333332,158.66666666666666,0,2.6666666666666665,0
1777699740000,0,0,0,0,0,0,1.333325925967078,0,1.333325925967078,0,0,0,0,1.333325925967078,0,0,0,0,10.666607407736624,10.666607407736624,5.333303703868312,5.333303703868312,5.333303703868312,1.333325925967078,11.999933333703702,90.6661629657613,0,1.333325925967078,0
1777699800000,0,0,0,0,0,0,1.333325925967078,0,1.333325925967078,0,0,0,0,1.333325925967078,0,0,0,0,10.666607407736624,10.666607407736624,5.333303703868312,5.333303703868312,5.333303703868312,1.333325925967078,11.999933333703702,90.6661629657613,0,1.333325925967078,0
1777699860000,0,0,0,0,0,0,0,0,0,0,0,0,0,0,0,0,0,0,3.9999555560493767,3.9999555560493767,3.9999555560493767,3.9999555560493767,3.9999555560493767,0,0,0,0,0,0
1777699920000,0,0,0,0,0,0,0,0,0,0,0,0,0,0,0,0,0,0,3.999977777901234,3.999977777901234,3.999977777901234,3.999977777901234,3.999977777901234,0,0,0,0,0,0
1777699980000,45.33308148288065,5.333303703868312,0,0,0,0,0,1.333325925967078,1.333325925967078,0,0,0,1.333325925967078,1.333325925967078,0,0,0,0,6.6666296298353895,6.6666296298353895,3.999977777901234,3.999977777901234,3.999977777901234,0,5.333303703868312,5.333303703868312,0,0,0
1777700040000,45.33308148288065,5.333303703868312,0,0,0,0,0,1.333325925967078,1.333325925967078,0,0,0,1.333325925967078,1.333325925967078,0,0,0,0,6.6666296298353895,6.6666296298353895,3.999977777901234,3.999977777901234,3.999977777901234,0,5.333303703868312,5.333303703868312,0,0,0
1777700100000,45.33308148288065,5.333303703868312,0,0,0,0,0,1.333325925967078,1.333325925967078,0,0,0,1.333325925967078,1.333325925967078,0,0,0,0,6.6666296298353895,6.6666296298353895,3.999977777901234,3.999977777901234,3.999977777901234,0,5.333303703868312,5.333303703868312,0,0,0
1777700160000,6.6666296298353895,6.6666296298353895,0,0,0,0,1.333325925967078,0,1.333325925967078,0,0,0,0,1.333325925967078,0,0,0,0,10.666607407736624,10.666607407736624,5.333303703868312,5.333303703868312,5.333303703868312,1.333325925967078,3.999977777901234,27.99984444530864,0,1.333325925967078,0
1777700220000,6.666666666666666,6.666666666666666,0,0,0,0,1.3333333333333333,0,1.3333333333333333,0,0,0,0,1.3333333333333333,0,0,0,0,10.666666666666666,10.666666666666666,5.333333333333333,5.333333333333333,5.333333333333333,1.3333333333333333,4,28,0,1.3333333333333333,0