"Time","Cloudflare (prom_tmp)","In-app"
1777837560000,52,undefined
1777837620000,0,undefined
1777837680000,undefined,9.787466666666667
1777837740000,undefined,5.454347114650377
1777837800000,undefined,5.453950478129659
1777837860000,undefined,712.8908283790581
1777837920000,undefined,6.544859558221981
1777837980000,undefined,5.4544462827948585
1777838040000,undefined,5.4544462827948585
1777838100000,undefined,18.54458186433987
1777838160000,undefined,282.5351805388895
1777838220000,undefined,5.454247950111812
1777838280000,undefined,5.4544462827948585
1777838340000,undefined,5.454247950111812
1777838400000,0,5.454148789178968
1777838460000,8,146.55174933673376
1777838520000,716.5,562.7162883033172
1777838580000,54,91.63303152612632
1777838640000,6,5.4538513280127985
1777838700000,6,5.454347114650377
1777838760000,0,5.454148789178968
1777838820000,172,5.454247950111812
1777838880000,6,5.4544462827948585
1777838940000,14,5.454247950111812
1777839000000,50,102.53855254788455
1777839060000,820,630.3327880839955
1777839120000,54,66.54424465009727
1777839180000,10,5.4544462827948585
1777839240000,4,5.454347114650377
1777839300000,0,5.454347114650377
1777839360000,18,40.361970322941374
1777839420000,197.5,175.62823191197066
1777839480000,148,114.53599421384057
1777839540000,undefined,170.17872402319958
1777839600000,4,5.4544462827948585
1777839660000,418,688.3176991168319
1777839720000,76,65.45335539353829
1777839780000,2,5.454148789178968
1777839840000,4,5.4544462827948585
1777839900000,undefined,5.454148789178968
1777839960000,0,5.4544462827948585
1777840020000,0,5.454347114650377
1777840080000,6,5.454247950111812
1777840140000,22,22.907722408167558
1777840200000,undefined,62.17955710701429
1777840260000,undefined,463.0654663148285
1777840320000,undefined,162.5279140815451
1777840380000,undefined,79.63233739815587
1777840440000,undefined,5.454347114650377
1777840500000,undefined,5.454247950111812
1777840560000,undefined,5.454247950111812
1777840620000,undefined,5.454247950111812
1777840680000,undefined,5.4544462827948585
1777840740000,undefined,94.90482693918678
1777840800000,undefined,98.17646310201262
1777840860000,undefined,705.116230310964
1777840920000,undefined,82.90155440414507
1777840980000,undefined,61.08868768408421
1777841040000,undefined,5.4544462827948585
1777841100000,0,5.454148789178968
1777841160000,6,5.4544462827948585
1777841220000,0,18.54487935795576
1777841280000,91,87.269355627923
1777841340000,62,97.08561351199026
1777841400000,81.5,5.454347114650377
1777841460000,454,791.5352883249361
1777841520000,24,58.90694883822407
1777841580000,0,35.99748116951404
1777841640000,142.5,161.44867459365113
1777841700000,4,5.4544462827948585
1777841760000,0,5.4544462827948585
1777841820000,2,5.4544462827948585
1777841880000,6,5.454347114650377
1777841940000,6,5.453752181500873
1777842000000,6,5.454347114650377
1777842060000,936,649.120217188156
1777842120000,undefined,66.54182499136411
1777842180000,undefined,22.908357049676063
1777842240000,undefined,62.18068762386138
1777842300000,undefined,5.454347114650377
1777842360000,undefined,5.454247950111812
1777842420000,undefined,5.454347114650377
1777842480000,undefined,5.454148789178968
1777842540000,undefined,5.454148789178968
1777842600000,undefined,22.90657219975277
1777842660000,undefined,718.9660079147197
1777842720000,undefined,8.727114052471773
1777842780000,undefined,5.454347114650377
1777842840000,undefined,5.4544462827948585
1777842900000,undefined,5.454347114650377
1777842960000,undefined,22.908158716993018
1777843020000,undefined,98.18003309030745
1777843080000,undefined,5.4544462827948585
1777843140000,undefined,5.454247950111812
1777843200000,undefined,344.72080673995197
1777843260000,undefined,748.1275838316624
1777843320000,undefined,14.18140166623546
1777843380000,undefined,10.908694243724423
1777843440000,undefined,10.908793397445235
1777843500000,undefined,10.90889256919583
1777843560000,undefined,10.908892565589717
1777843620000,undefined,10.958347114650376
1777843680000,undefined,6.54517687248617
1777843740000,undefined,100.3618116034254
1777843800000,undefined,94.90014630230836
1777843860000,undefined,676.9756206705333
1777843920000,undefined,106.90179225769322
1777843980000,undefined,101.450856332497
1777844040000,undefined,5.454247950111812
1777844100000,undefined,5.454148789178968
1777844160000,undefined,5.4544462827948585
1777844220000,undefined,5.454247950111812
1777844280000,undefined,22.90847605505536
1777844340000,undefined,77.45313721568698
1777844400000,undefined,5.4544462827948585
1777844460000,undefined,763.2495893405815
1777844520000,undefined,8.727114052471773
1777844580000,undefined,5.4544462827948585
1777844640000,undefined,5.454247950111812
1777844700000,undefined,5.454347114650377
1777844760000,undefined,101.45270085998436
1777844820000,undefined,5.453950478129659
1777844880000,undefined,5.454347114650377
1777844940000,undefined,5.4544462827948585
1777845000000,undefined,5.4544462827948585
1777845060000,undefined,631.679914188059
1777845120000,undefined,8.727114052471773
1777845180000,undefined,5.453950478129659
1777845240000,undefined,5.454247950111812
1777845300000,undefined,5.454148789178968
1777845360000,undefined,5.454347114650377
1777845420000,undefined,5.453752181500873
1777845480000,undefined,164.72427774040472
1777845540000,undefined,5.454148789178968
1777845600000,undefined,102.54275713441885
1777845660000,undefined,685.9811661815529
1777845720000,undefined,58.90801985418447
1777845780000,undefined,5.454148789178968
1777845840000,undefined,5.453950478129659
1777845900000,undefined,5.454347114650377
1777845960000,undefined,5.4544462827948585
1777846020000,undefined,5.4540496318516505
1777846080000,undefined,5.4544462827948585
1777846140000,undefined,22.90742491455167
1777846200000,undefined,62.17729619664024
1777846260000,undefined,715.7718485634663
1777846320000,undefined,104.72536862966128
1777846380000,undefined,5.454347114650377
1777846440000,undefined,140.9694685050171
1777846500000,undefined,103.63293235437573
1777846560000,undefined,176.72265137490177
1777846620000,undefined,10.908892565589717
1777846680000,undefined,10.908793397445235
1777846740000,undefined,235.62351195103813
1777846800000,14,10.908991737340312
1777846860000,780,777.6186699838032
1777846920000,6,5.454347114650377
1777846980000,0,5.4544462827948585
1777847040000,1.1666666666666667,5.45404963185165
1777847100000,1.1666666666666667,5.454247950111812
1777847160000,0,5.454247950111812
1777847220000,0,5.454347114650377
1777847280000,9.333333333333334,22.908674387738404
1777847340000,299.83333333333337,279.2574950457248
1777847400000,401,5.454148789178968
1777847460000,1124.6666666666667,715.5214078513497
1777847520000,0,5.454247950111812
1777847580000,4,5.454247950111812
1777847640000,4,14.181560335266632
1777847700000,0,5.4544462827948585
1777847760000,0,5.454148789178968
1777847820000,2,5.4540496318516505
1777847880000,0,5.454347114650377
1777847940000,undefined,5.4544462827948585
1777848000000,0,5.4544462827948585
1777848060000,300,672.0778257115255
1777848120000,77,62.17842663127466
1777848180000,0,5.4544462827948585
1777848240000,0,5.454347114650377
1777848300000,6,5.454247950111812
1777848360000,121.5,94.90673065604479
1777848420000,0,5.4544462827948585
1777848480000,2,5.454347114650377
1777848540000,0,5.454148789178969
1777848600000,0,5.454247950111812
1777848660000,910,645.3472014654013
1777848720000,2,5.4544462827948585
1777848780000,0,5.454247950111812
1777848840000,0,5.454247950111812
1777848900000,3253,2629.828770063254
1777848960000,4,10.908991737340312
1777849020000,4,10.908595086397106
1777849080000,0,10.908892565589717
1777849140000,132,102.54495872276073
1777849200000,2811,1910.7448385177101
1777849260000,2725.5,2149.422398247766
1777849320000,14,64.36236696883485
1777849380000,7,5.454347114650377
1777849440000,7,5.454148789178969
1777849500000,58,78.54053586317758
1777849560000,6,5.4544462827948585
1777849620000,24,22.907940555008174
1777849680000,62,76.36085960510528
1777849740000,0,5.4544462827948585
1777849800000,6,5.454347114650377
1777849860000,462,500.96883204247115
1777849920000,0,5.453950478129659
1777849980000,70,78.54402647224596
1777850040000,0,5.454347114650377
1777850100000,0,5.454347114650377
1777850160000,0,5.454347114650377
1777850220000,0,5.4544462827948585
1777850280000,0,5.4544462827948585
1777850340000,6,5.4544462827948585
1777850400000,undefined,5.4544462827948585
1777850460000,1026,654.0069272805664
1777850520000,0,5.454347114650377
1777850580000,0,5.4544462827948585
1777850640000,12,22.90847605505536
1777850700000,78.5,78.53736285754127
1777850760000,54,75.26999018217519
1777850820000,0,5.4544462827948585
1777850880000,undefined,5.454247950111812
1777850940000,6,5.454247950111812
1777851000000,undefined,25.09045290085635
1777851060000,undefined,771.7799483624108
1777851120000,undefined,5.454247950111812
1777851180000,undefined,115.63279350671266
1777851240000,undefined,116.72338525883819
1777851300000,undefined,126.53426876240572
1777851360000,undefined,5.454347114650377
1777851420000,undefined,5.454247950111812
1777851480000,undefined,5.454247950111812
1777851540000,undefined,5.454148789178969
1777851600000,0,5.4544462827948585
1777851660000,474,932.1008417600927
1777851720000,undefined,5.454347114650377
1777851780000,2,14.181084345481208
1777851840000,36,171.26905794824603
1777851900000,0,5.454148789178969
1777851960000,7,5.454347114650377
1777852020000,0,5.4544462827948585
1777852080000,155.5,121.08210311977311
1777852140000,0,5.4544462827948585
1777852200000,undefined,368.4960479501118
1777852260000,undefined,857.647058502911
1777852320000,undefined,10.908991737340312
1777852380000,undefined,10.908991737340312
1777852440000,undefined,10.90889256919583
1777852500000,undefined,10.908892565589717
1777852560000,undefined,173.96739572880495
1777852620000,undefined,5.4544462827948585
1777852680000,undefined,5.454148789178969
1777852740000,undefined,5.4544462827948585
1777852800000,undefined,94.90736532063053
1777852860000,undefined,675.6753410544051
1777852920000,86.5,65.44978547014762
1777852980000,84.5,61.08868768408421
1777853040000,0,5.454347114650377
1777853100000,64,93.81508771004881
1777853160000,undefined,5.454148789178969
1777853220000,7,5.4544462827948585
1777853280000,22,25.09015540724046
1777853340000,128.5,97.08914383374847
1777853400000,0,5.454148789178969
1777853460000,1652,821.3557390708892
1777853520000,undefined,6.54533553935383
1777853580000,undefined,5.454247950111812
1777853640000,undefined,5.454247950111812
1777853700000,undefined,5.454148789178969
1777853760000,undefined,79.62605099448265
1777853820000,undefined,5.454247950111812
1777853880000,undefined,5.4544462827948585
1777853940000,undefined,5.454347114650377
1777854000000,undefined,5.4544462827948585
1777854060000,undefined,668.4747904964462
1777854120000,undefined,104.72717355552213
1777854180000,undefined,10.908495932675113
1777854240000,undefined,10.908991737340312
1777854300000,undefined,169.0825591172716
1777854360000,undefined,182.17414287247834
1777854420000,undefined,102.54329262292745
1777854480000,undefined,11.378247950111813
1777854540000,undefined,5.4544462827948585
1777854600000,undefined,5.454247950111812
1777854660000,undefined,721.9917864609712
1777854720000,undefined,5.4544462827948585
1777854780000,undefined,5.454347114650377
1777854840000,undefined,5.4532565030083795
1777854900000,undefined,5.4544462827948585
1777854960000,undefined,5.4544462827948585
1777855020000,undefined,5.4544462827948585
1777855080000,undefined,5.454247950111812
1777855140000,undefined,22.908039723152655
1777855200000,0,62.17842663127466
1777855260000,1251.5,691.307522060205
1777855320000,2,5.454148789178969
1777855380000,0,5.454347114650377
1777855440000,0,5.4544462827948585
1777855500000,6,5.454247950111812
1777855560000,0,5.454148789178969
1777855620000,0,5.4544462827948585
1777855680000,0,5.45404963185165
1777855740000,0,22.908357049676063
1777855800000,110.5,95.99674722139338
1777855860000,506,689.3823011818404
1777855920000,0,5.454247950111812
1777855980000,0,5.454148789178969
1777856040000,0,5.454347114650377
1777856100000,0,5.4544462827948585
1777856160000,10,17.4535934403578
1777856220000,46,76.35695265497414
1777856280000,4,14.181262841650742
1777856340000,0,5.454347114650377
1777856400000,7,5.454148789178969
1777856460000,286,877.6083622625804
1777856520000,0,5.454247950111812
1777856580000,50,79.62975924346662
1777856640000,0,5.4544462827948585
1777856700000,7,5.4544462827948585
1777856760000,2,5.454247950111812
1777856820000,6,5.4544462827948585
1777856880000,0,5.4544462827948585
1777856940000,10,18.54491902881947
1777857000000,undefined,70.90780167633315
1777857060000,undefined,823.2347208405733
1777857120000,undefined,5.4544462827948585
1777857180000,undefined,5.454347114650377
1777857240000,undefined,5.454347114650377
1777857300000,undefined,5.4544462827948585
1777857360000,undefined,5.4544462827948585
1777857420000,undefined,7.635927302296912
1777857480000,undefined,62.17955710701429
1777857540000,undefined,5.454148789178969
1777857600000,undefined,5.45404963185165
1777857660000,undefined,652.0366887268716
1777857720000,undefined,5.4544462827948585
1777857780000,undefined,5.454247950111812
1777857840000,undefined,5.454148789178969
1777857900000,undefined,5.453950478129659
1777857960000,undefined,5.4544462827948585
1777858020000,undefined,5.454347114650377
1777858080000,undefined,5.454148789178969
1777858140000,undefined,5.454247950111812
1777858200000,undefined,5.454347114650377
1777858260000,undefined,611.7593104994606
1777858320000,undefined,98.20033619486878
1777858380000,undefined,10.908991737340312
1777858440000,undefined,29.45285965017468
1777858500000,undefined,143.99627118256606
1777858560000,undefined,10.90889256919583
1777858620000,undefined,11.453966321191787
1777858680000,undefined,5.4544462827948585
1777858740000,undefined,5.454247950111812
1777858800000,undefined,5.4544462827948585
1777858860000,undefined,391.9017924779861
1777858920000,undefined,5.4544462827948585
1777858980000,undefined,5.45404963185165
1777859040000,undefined,5.454347114650377
1777859100000,undefined,5.454247950111812
1777859160000,undefined,79.62993772665516
1777859220000,0,5.4544462827948585
1777859280000,12.5,22.908376894122515
1777859340000,48,77.45172902803534
1777859400000,4,5.454247950111812
1777859460000,252,773.7132535627927
1777859520000,14,22.908277736795196
1777859580000,71,62.17842663127466
1777859640000,0,5.4544462827948585
1777859700000,7,5.454247950111812
1777859760000,undefined,5.454148789178969
1777859820000,undefined,5.4544462827948585
1777859880000,undefined,9.817527323571952
1777859940000,undefined,77.45313721568698
1777860000000,undefined,5.454247950111812
1777860060000,794,817.6251583246975
1777860120000,6,5.4544462827948585
1777860180000,19,9.817606665298586
1777860240000,50,62.18068762386138
1777860300000,0,5.4544462827948585
1777860360000,0,5.4544462827948585
1777860420000,98,94.90500515340806
1777860480000,0,5.45404963185165
1777860540000,4,5.4544462827948585
1777860600000,0,5.454148789178969
1777860660000,1018,650.2347208405735
1777860720000,82,79.63378521195783
1777860780000,86,94.90314091128491
1777860840000,0,5.454247950111812
1777860900000,0,5.4544462827948585
1777860960000,undefined,5.454347114650377
1777861020000,undefined,5.4544462827948585
1777861080000,48,117.81032781796279
1777861140000,0,5.4544462827948585
1777861200000,undefined,5.4544462827948585
1777861260000,undefined,743.3763708126743
1777861320000,undefined,177.80854273005977
1777861380000,undefined,5.4544462827948585
1777861440000,undefined,5.454247950111812
1777861500000,undefined,5.4544462827948585
1777861560000,undefined,5.453851328012798
1777861620000,undefined,5.454347114650377
1777861680000,undefined,5.4544462827948585
1777861740000,undefined,25.0902545681733
1777861800000,6,95.99650921784664
1777861860000,1286,728.0168057041739
1777861920000,0,5.45404963185165
1777861980000,0,5.4544462827948585
1777862040000,0,5.4544462827948585
1777862100000,0,5.4544462827948585
1777862160000,4,5.4544462827948585
1777862220000,4,5.4544462827948585
1777862280000,8,22.906988644665283
1777862340000,72,62.17842663127466
1777862400000,0,5.4544462827948585
1777862460000,586,745.8354987091379
1777862520000,153,125.45099517511025
1777862580000,0,5.454347114650377
1777862640000,undefined,5.4544462827948585
1777862700000,0,5.4544462827948585
1777862760000,0,5.454247950111812
1777862820000,22,104.72001373159443
1777862880000,144,127.63277373438142
1777862940000,2,5.454148789178969
1777863000000,76,146.17951739720434
1777863060000,1104,691.2643863093723
1777863120000,0,5.4544462827948585
1777863180000,0,5.4544462827948585
1777863240000,0,5.454247950111812
1777863300000,undefined,5.454347114650377
1777863360000,0,5.4544462827948585
1777863420000,0,5.4544462827948585
1777863480000,20,40.361672861775205
1777863540000,196,138.54079374577398
1777863600000,undefined,5.4544462827948585
1777863660000,undefined,834.0146653758045
1777863720000,undefined,6.54533553935383
1777863780000,undefined,5.4544462827948585
1777863840000,undefined,79.6326547362182
1777863900000,undefined,5.454347114650377
1777863960000,undefined,5.454049631851651
1777864020000,undefined,5.4544462827948585
1777864080000,0,5.454347114650377
1777864140000,0,5.454148789178969
1777864200000,128,141.81223188094296
1777864260000,823.5,733.8846436038282
1777864320000,7,5.454347114650377
1777864380000,0,5.454247950111812
1777864440000,0,5.454347114650377
1777864500000,2,5.4544462827948585
1777864560000,undefined,5.454347114650377
1777864620000,4,5.454049631851651
1777864680000,undefined,5.4544462827948585
1777864740000,undefined,5.454247950111812
1777864800000,undefined,5.454347114650377
1777864860000,393,662.7712140415761
1777864920000,0,5.454347114650377
1777864980000,4,5.454148789178969
1777865040000,4,5.4544462827948585
1777865100000,163.5,148.36093889202013
1777865160000,0,5.454247950111812
1777865220000,0,5.454347114650377
1777865280000,4,5.4544462827948585
1777865340000,undefined,14.181243002973758
1777865400000,0,5.4544462827948585
1777865460000,124,401.529132803646
1777865520000,0,5.454148789178969
1777865580000,0,5.454148789178969
1777865640000,13,22.907722408167558
1777865700000,67,62.17955710701429
1777865760000,0,5.4544462827948585
1777865820000,0,5.454247950111812
1777865880000,0,5.454347114650377
1777865940000,undefined,5.4544462827948585
1777866000000,undefined,22.90774222953677
1777866060000,undefined,764.776695946455
1777866120000,undefined,5.454247950111812
1777866180000,undefined,5.454347114650377
1777866240000,undefined,5.454347114650377
1777866300000,undefined,5.4544462827948585
1777866360000,undefined,5.45404963185165
1777866420000,undefined,22.907722408167558
1777866480000,undefined,62.17729619664024
1777866540000,undefined,5.454347114650377
1777866600000,undefined,5.454148789178969
1777866660000,undefined,734.334826025103
1777866720000,undefined,5.453653038593684
1777866780000,undefined,5.454347114650377
1777866840000,undefined,5.454347114650377
1777866900000,undefined,5.453950478129659
1777866960000,undefined,5.454247950111812
1777867020000,undefined,22.907742229536765
1777867080000,10,62.17842663127466
1777867140000,0,5.454148789178969
1777867200000,undefined,5.454148789178969
1777867260000,302,709.0009744411573
1777867320000,0,5.453851328012799
1777867380000,2,5.4544462827948585
1777867440000,28,35.99950417730619
1777867500000,131,98.17551118734593
1777867560000,78,137.4378466812779
1777867620000,0,5.4544462827948585
1777867680000,0,5.453950478129659
1777867740000,0,5.454247950111812
1777867800000,0,5.454148789178969
1777867860000,1490,818.754900942269
1777867920000,22,93.81417548860095
1777867980000,122,77.45313721568698
1777868040000,undefined,117.81282673837272
1777868100000,undefined,5.454148789178969
1777868160000,undefined,5.45404963185165
1777868220000,undefined,5.454247950111812
1777868280000,undefined,5.4544462827948585
1777868340000,undefined,5.4544462827948585
1777868400000,undefined,5.454347114650377
1777868460000,undefined,784.872998709138
1777868520000,undefined,6.54533553935383
1777868580000,undefined,5.454148789178969
1777868640000,undefined,5.454148789178969
1777868700000,undefined,5.45404963185165
1777868760000,undefined,5.4544462827948585
1777868820000,undefined,5.4544462827948585
1777868880000,undefined,5.454148789178969
1777868940000,undefined,5.454347114650377
1777869000000,0,5.454247950111812
1777869060000,100,683.3331177567569
1777869120000,0,5.454347114650377
1777869180000,0,5.4544462827948585
1777869240000,4,5.454247950111812
1777869300000,0,22.907543918487455
1777869360000,30,61.0875770412523
1777869420000,0,5.454347114650377
1777869480000,2,5.454347114650377
1777869540000,22,14.181560335266632
1777869600000,undefined,5.45404963185165
1777869660000,undefined,400.15296261954114
1777869720000,undefined,5.4544462827948585
1777869780000,undefined,5.454148789178969
1777869840000,undefined,5.454148789178969
1777869900000,undefined,5.4544462827948585
1777869960000,undefined,5.454148789178969
1777870020000,undefined,5.454247950111812
1777870080000,undefined,79.63301187350234
1777870140000,undefined,5.454148789178969
1777870200000,undefined,5.454148789178969
1777870260000,undefined,694.7539521368143
1777870320000,undefined,5.4544462827948585
1777870380000,undefined,5.4544462827948585
1777870440000,undefined,5.453752181500873
1777870500000,undefined,5.454049631851651
1777870560000,undefined,5.454347114650377
1777870620000,undefined,5.454148789178969
1777870680000,undefined,5.454347114650377
1777870740000,undefined,5.4544462827948585
1777870800000,undefined,5.4544462827948585
1777870860000,undefined,537.1747839649668
1777870920000,undefined,5.4544462827948585
1777870980000,undefined,5.4544462827948585
1777871040000,undefined,5.4544462827948585
1777871100000,undefined,5.4544462827948585
1777871160000,undefined,5.454148789178969
1777871220000,undefined,5.454148789178969
1777871280000,undefined,5.4544462827948585
1777871340000,undefined,22.907405104720137
1777871400000,undefined,66.53970299138886
1777871460000,undefined,450.15070166805975
1777871520000,undefined,9.817170359355973
1777871580000,undefined,9.817408332615539
1777871640000,undefined,5.4544462827948585
1777871700000,undefined,37.08983807206182
1777871760000,undefined,90.53886990037088
1777871820000,undefined,9.817606665298584
1777871880000,undefined,5.45404963185165
1777871940000,undefined,9.817904140886263
1777872000000,undefined,5.454049631851651
1777872060000,undefined,878.6734364426504
1777872120000,undefined,6.54533553935383
1777872180000,undefined,5.454247950111812
1777872240000,undefined,135.26118447930958
1777872300000,undefined,5.454049631851651
1777872360000,undefined,5.4544462827948585
1777872420000,undefined,117.8156827030488
1777872480000,undefined,5.4544462827948585
1777872540000,undefined,5.4544462827948585
1777872600000,2,5.454247950111812
1777872660000,498,717.8737959528745
1777872720000,0,7.636224795912801
1777872780000,0,5.453950478129659
1777872840000,2,5.454148789178969
1777872900000,0,5.4544462827948585
1777872960000,102,88.3583408193337
1777873020000,16,18.544185256661777
1777873080000,44,68.72602316321522
1777873140000,undefined,5.454347114650377
1777873200000,undefined,98.18003309030745
1777873260000,undefined,694.9226258113194
1777873320000,undefined,7.636085960510527
1777873380000,undefined,5.45404963185165
1777873440000,undefined,5.454247950111812
1777873500000,undefined,5.454148789178969
1777873560000,undefined,22.907107611104244
1777873620000,undefined,62.18068762386138
1777873680000,undefined,5.4544462827948585
1777873740000,undefined,5.453157378121933
1777873800000,undefined,5.454247950111812
1777873860000,undefined,774.5485934887765
1777873920000,undefined,79.63269460466418
1777873980000,undefined,22.908376894122515
1777874040000,undefined,77.45313721568698
1777874100000,undefined,5.45404963185165
1777874160000,undefined,5.4544462827948585
1777874220000,undefined,5.4544462827948585
1777874280000,undefined,104.72290928996729
1777874340000,undefined,5.454247950111812
1777874400000,undefined,118.9026053124375
1777874460000,undefined,769.8846436038283
1777874520000,undefined,79.63459839074258
1777874580000,undefined,5.454148789178969
1777874640000,undefined,5.4544462827948585
1777874700000,undefined,5.454347114650377
1777874760000,undefined,5.453653038593684
1777874820000,undefined,5.454347114650377
1777874880000,undefined,5.454148789178969
1777874940000,undefined,22.90803972315266
1777875000000,0,77.45313721568698
1777875060000,736,705.7991887268716
1777875120000,2,6.544978547014763
1777875180000,6,5.4535538992910375
1777875240000,4,5.4544462827948585
1777875300000,0,5.454148789178969
1777875360000,0,5.454148789178969
1777875420000,4,5.454247950111812
1777875480000,18,22.908357049676063
1777875540000,54,62.17955710701429
1777875600000,8,5.4544462827948585
1777875660000,undefined,545.5176420680084
1777875720000,undefined,5.454347114650377
1777875780000,0,5.4544462827948585
1777875840000,0,5.454148789178969
1777875900000,undefined,5.454148789178969
1777875960000,0,5.4544462827948585
1777876020000,10,22.906473038819925
1777876080000,48,64.35907470975819
1777876140000,7,5.454049631851651
1777876200000,0,5.453950478129659
1777876260000,454,696.3366887268717
1777876320000,6,5.454247950111812
1777876380000,undefined,5.454347114650377
1777876440000,undefined,5.454347114650377
1777876500000,undefined,5.454247950111812
1777876560000,undefined,5.454148789178969
1777876620000,undefined,5.45404963185165
1777876680000,undefined,79.63428106421918
1777876740000,undefined,5.4544462827948585
1777876800000,undefined,93.81615872600922
1777876860000,undefined,717.9120824177824
1777876920000,undefined,5.454148789178969
1777876980000,undefined,5.454247950111812
1777877040000,undefined,78.53847345999573
1777877100000,undefined,5.454148789178969
1777877160000,undefined,5.4544462827948585
1777877220000,undefined,5.4544462827948585
1777877280000,undefined,5.4544462827948585
1777877340000,undefined,5.454148789178969
1777877400000,undefined,5.454347114650377
1777877460000,undefined,597.1676420680084
1777877520000,undefined,79.63315054737208
1777877580000,undefined,22.9086743877384
1777877640000,undefined,77.45313721568698
1777877700000,undefined,5.4544462827948585
1777877760000,undefined,20.726697541937416
1777877820000,undefined,89.44641396236705
1777877880000,undefined,5.454148789178969
1777877940000,undefined,5.453950478129659
1777878000000,undefined,5.454247950111812
1777878060000,undefined,652.9608726104117
1777878120000,undefined,5.454347114650377
1777878180000,undefined,5.454148789178969
1777878240000,undefined,5.454247950111812
1777878300000,undefined,5.454247950111812
1777878360000,undefined,5.454347114650377
1777878420000,undefined,79.6271812647186
1777878480000,undefined,5.4544462827948585
1777878540000,undefined,5.454347114650377
1777878600000,undefined,5.454148789178969
1777878660000,undefined,579.1497866899368
1777878720000,undefined,22.907841390469613
1777878780000,undefined,197.44623554837477
1777878840000,undefined,95.9982545771895
1777878900000,undefined,27.27044647751841
1777878960000,undefined,116.72515045180997
1777879020000,undefined,5.453950478129659
1777879080000,undefined,5.4544462827948585
1777879140000,undefined,5.454247950111812
1777879200000,undefined,5.454148789178969
1777879260000,undefined,822.8222452099858
1777879320000,undefined,5.454148789178969
1777879380000,undefined,70.90619516393149
1777879440000,undefined,5.454347114650377
1777879500000,undefined,5.454247950111812
1777879560000,undefined,14.18140166623546
1777879620000,undefined,5.454545454545454
1777879680000,undefined,5.4544462827948585
1777879740000,0,5.4544462827948585
1777879800000,6,5.454049631851651
1777879860000,558,603.0224030125859
1777879920000,0,5.4544462827948585
1777879980000,0,5.454148789178969
1777880040000,60,79.62817278391161
1777880100000,0,5.454247950111812
1777880160000,6,5.454347114650377
1777880220000,89.5,94.90813889490325
1777880280000,34,25.089738903197386
1777880340000,undefined,97.08914383374847
1777880400000,undefined,22.907524075484513
1777880460000,undefined,721.6671721369311
1777880520000,4,5.4544462827948585
1777880580000,28,79.63396374923408
1777880640000,7,5.454347114650377
1777880700000,0,5.454247950111812
1777880760000,0,5.454347114650377
1777880820000,62,79.62912462503411
1777880880000,7,5.454247950111812
1777880940000,6,5.454347114650377
1777881000000,0,5.4544462827948585
1777881060000,1262,730.2049009422692
1777881120000,undefined,5.454347114650377
1777881180000,undefined,5.454347114650377
1777881240000,undefined,5.453950478129659
1777881300000,undefined,5.454347114650377
1777881360000,undefined,5.454148789178969
1777881420000,undefined,107.99430774489693
1777881480000,undefined,106.90294250720642
1777881540000,undefined,5.454148789178969
1777881600000,undefined,5.454347114650377
1777881660000,undefined,629.4918249913642
1777881720000,undefined,5.453950478129659
1777881780000,undefined,17.4530579792526
1777881840000,undefined,5.4544462827948585
1777881900000,undefined,89.45129268026616
1777881960000,undefined,97.08807285673127
1777882020000,undefined,98.18003309030745
1777882080000,undefined,5.454347114650377
1777882140000,undefined,5.454247950111812
1777882200000,undefined,5.454347114650377
1777882260000,undefined,693.3275779834307
1777882320000,undefined,79.63332915387629
1777882380000,undefined,5.454247950111812
1777882440000,undefined,94.90704798256819
1777882500000,undefined,5.4544462827948585
1777882560000,undefined,5.4544462827948585
1777882620000,undefined,5.454148789178969
1777882680000,undefined,5.4544462827948585
1777882740000,undefined,101.45240337718525
1777882800000,0,5.453950478129659
1777882860000,440,739.9463742572248
1777882920000,0,5.454247950111812
1777882980000,2,5.454247950111812
1777883040000,7,5.4544462827948585
1777883100000,0,5.454347114650377
1777883160000,6,5.4544462827948585
1777883220000,0,5.454148789178969
1777883280000,0,5.454148789178969
1777883340000,10,26.18011251353046
1777883400000,183,162.53658891333203
1777883460000,794,735.7722014654013
1777883520000,0,5.454247950111812
1777883580000,4,5.454347114650377
1777883640000,0,5.4544462827948585
1777883700000,83.5,79.6326547362182
1777883760000,0,5.4544462827948585
1777883820000,26,42.543034849939296
1777883880000,99.5,104.7196567522362
1777883940000,4,27.26975242670157
1777884000000,90,116.71878408842994
1777884060000,651,713.9966256024783
1777884120000,0,5.454247950111812
1777884180000,0,5.454148789178969
1777884240000,0,5.454347114650377
1777884300000,92,79.63491572880493
1777884360000,7,5.4544462827948585
1777884420000,4,14.180767047802313
1777884480000,2,5.4544462827948585
1777884540000,6,5.453950478129659
1777884600000,0,5.4544462827948585
1777884660000,160,650.4653775833704
1777884720000,0,5.454148789178969
1777884780000,2,5.454148789178969
1777884840000,0,94.90296242160264
1777884900000,0,5.4544462827948585
1777884960000,0,5.454347114650377
1777885020000,0,5.454347114650377
1777885080000,17,25.09045290085635
1777885140000,140,98.17289337332969
1777885200000,6,5.4544462827948585
1777885260000,780.5,667.9057390708892
1777885320000,4,6.5448595582219795
1777885380000,undefined,5.4544462827948585
1777885440000,undefined,22.907305936575654
1777885500000,undefined,250.89500955899166
1777885560000,undefined,76.35530669381522
1777885620000,undefined,5.454347114650377
1777885680000,undefined,104.71993440284817
1777885740000,undefined,5.454347114650377
1777885800000,24,27.272033081291244
1777885860000,542,722.378162648125
1777885920000,0,5.4544462827948585
1777885980000,0,5.454347114650377
1777886040000,0,5.454247950111812
1777886100000,21.5,40.35953101014163
1777886160000,109,89.45129268026618
1777886220000,0,5.4544462827948585
1777886280000,7,5.454247950111812
1777886340000,0,5.454247950111812
1777886400000,6,5.454347114650377
1777886460000,989,652.156149412002
1777886520000,2,5.454545454545454
1777886580000,undefined,5.454347114650377
1777886640000,64,79.6334678738955
1777886700000,0,5.454247950111812
1777886760000,76,94.90704798256819
1777886820000,4,5.454148789178969
1777886880000,0,5.454247950111812
1777886940000,0,5.454148789178969
1777887000000,undefined,5.4544462827948585
1777887060000,undefined,654.3430962370114
1777887120000,undefined,61.08757704125229
1777887180000,undefined,5.454049631851651
1777887240000,undefined,5.45404963185165
1777887300000,undefined,14.181143834829276
1777887360000,undefined,5.454347114650377
1777887420000,undefined,5.454148789178969
1777887480000,undefined,5.4544462827948585
1777887540000,undefined,5.454347114650377
1777887600000,0,5.454247950111812
1777887660000,86,619.8390696792526
1777887720000,0,5.4544462827948585
1777887780000,0,5.454247950111812
1777887840000,0,5.4544462827948585
1777887900000,6,5.45404963185165
1777887960000,0,5.454347114650377
1777888020000,6,5.454148789178969
1777888080000,0,5.4544462827948585
1777888140000,6,5.454148789178969
1777888200000,7,5.454347114650377
1777888260000,0,752.370022060205
1777888320000,0,5.454049631851651
1777888380000,76.5,78.5414880908022
1777888440000,4,5.4544462827948585
1777888500000,0,5.4544462827948585
1777888560000,6,5.453851328012799
1777888620000,4,5.454347114650377
1777888680000,158,76.35114254031159
1777888740000,0,5.4544462827948585
1777888800000,6,5.4544462827948585
1777888860000,38,473.1366887268716
1777888920000,6,5.454247950111812
1777888980000,6,5.454247950111812
1777889040000,6,5.454148789178969
1777889100000,undefined,5.454247950111812
1777889160000,4,5.454347114650377
1777889220000,0,5.454247950111812
1777889280000,0,5.454347114650377
1777889340000,0,5.454347114650377
1777889400000,18,17.454128936799066
1777889460000,942,659.5332592850168
1777889520000,0,5.454347114650377
1777889580000,4,5.454347114650377
1777889640000,0,5.4544462827948585
1777889700000,4,5.4544462827948585
1777889760000,0,5.454049631851651
1777889820000,0,5.4544462827948585
1777889880000,104,79.63368604381336
1777889940000,undefined,5.4544462827948585
1777890000000,undefined,5.454347114650377
1777890060000,undefined,539.4676420680084
1777890120000,undefined,5.454347114650377
1777890180000,undefined,40.36250584173874
1777890240000,undefined,206.16125271258076
1777890300000,undefined,123.2704859911638
1777890360000,undefined,5.454347114650377
1777890420000,undefined,5.4544462827948585
1777890480000,undefined,5.4544462827948585
1777890540000,undefined,5.454148789178969
1777890600000,undefined,5.453950478129659
1777890660000,undefined,756.110760535518
1777890720000,undefined,62.18068762386138
1777890780000,undefined,10.908793397445235
1777890840000,undefined,5.4544462827948585
1777890900000,undefined,5.4544462827948585
1777890960000,undefined,5.454148789178969
1777891020000,undefined,5.454347114650377
1777891080000,undefined,5.454247950111812
1777891140000,0,5.45404963185165
1777891200000,156,140.72275063824247
1777891260000,218,651.6810914184596
1777891320000,6,5.454347114650377
1777891380000,6,5.45404963185165
1777891440000,0,5.454148789178969
1777891500000,0,5.454347114650377
1777891560000,4,5.454347114650377
1777891620000,0,5.453950478129659
1777891680000,undefined,5.4544462827948585
1777891740000,undefined,79.62849005274975
1777891800000,2,5.454347114650377
1777891860000,128,600.4366896870561
1777891920000,0,5.454545454545454
1777891980000,0,5.4544462827948585
1777892040000,0,5.454148789178969
1777892100000,6,5.454347114650377
1777892160000,0,5.453950478129659
1777892220000,2,5.454148789178969
1777892280000,0,5.454148789178969
1777892340000,0,5.453950478129659
1777892400000,77.5,62.17680042154132
1777892460000,582,590.4847926211427
1777892520000,0,5.454347114650377
1777892580000,0,5.453851328012799
1777892640000,84,5.454347114650377
1777892700000,112,109.08852900495395
1777892760000,10,10.908694243724423
1777892820000,8,28.362605010605627
1777892880000,22,66.54315380050797
1777892940000,68,83.99970249556635
1777893000000,undefined,10.908793397445233
1777893060000,undefined,732.7503779021501
1777893120000,undefined,112.92148628279486
1777893180000,undefined,40.35943184920879
1777893240000,undefined,81.81669424192287
1777893300000,undefined,5.454148789178969
1777893360000,undefined,5.4544462827948585
1777893420000,undefined,5.454347114650377
1777893480000,undefined,5.454347114650377
1777893540000,undefined,25.089540570514338
1777893600000,36,172.35736882295188
1777893660000,1026,682.2722014654013
1777893720000,30,79.63428106421918
1777893780000,4,5.454347114650377
1777893840000,6,5.4544462827948585
1777893900000,undefined,5.4544462827948585
1777893960000,0,22.908158716993018
1777894020000,50,77.45032089158774
1777894080000,316,482.17305139906546
1777894140000,0,10.908892565589717
1777894200000,10,10.908595071973828
1777894260000,724,832.6929076410377
1777894320000,173,141.81701159152476
1777894380000,13.5,10.908793397445233
1777894440000,0,5.454247950111812
1777894500000,undefined,5.4544462827948585
1777894560000,undefined,5.454247950111812
1777894620000,undefined,5.454247950111812
1777894680000,undefined,5.454347114650377
1777894740000,undefined,5.454148789178969
1777894800000,undefined,94.90736532063053
1777894860000,undefined,721.7823684107245
1777894920000,undefined,7.635530669381522
1777894980000,undefined,5.454347114650377
1777895040000,undefined,5.454247950111812
1777895100000,undefined,5.454049631851651
1777895160000,undefined,5.4544462827948585
1777895220000,undefined,5.453851328012798
1777895280000,undefined,5.454347114650377
1777895340000,undefined,79.62636830946775
1777895400000,6,5.454247950111812
1777895460000,0,590.495022060205
1777895520000,10,13.089877784031898
1777895580000,7,5.4544462827948585
1777895640000,0,5.454148789178969
1777895700000,0,5.4544462827948585
1777895760000,6,5.45404963185165
1777895820000,6,5.4544462827948585
1777895880000,0,5.454347114650377
1777895940000,8,5.4544462827948585
1777896000000,undefined,5.454347114650377
1777896060000,undefined,772.8384790926101
1777896120000,undefined,22.90857521959392
1777896180000,undefined,75.26999018217519
1777896240000,undefined,103.63336875046132
1777896300000,undefined,5.4544462827948585
1777896360000,undefined,5.4544462827948585
1777896420000,undefined,5.454247950111812
1777896480000,undefined,5.454247950111812
1777896540000,undefined,5.4544462827948585
1777896600000,undefined,5.454247950111812
1777896660000,undefined,580.2301426130048
1777896720000,undefined,79.63315054737208
1777896780000,undefined,5.4544462827948585
1777896840000,undefined,5.45404963185165
1777896900000,undefined,5.454247950111812
1777896960000,undefined,5.454247950111812
1777897020000,undefined,5.454247950111812
1777897080000,undefined,5.4544462827948585
1777897140000,undefined,124.35566337029769
1777897200000,0,5.4544462827948585
1777897260000,1086,744.9319268221097
1777897320000,2,6.545097540134175
1777897380000,0,5.454247950111812
1777897440000,23,17.453137334680108
1777897500000,4,5.454247950111812
1777897560000,14,19.635808285378445
1777897620000,75.5,62.17842663127466
1777897680000,0,5.454247950111812
1777897740000,6,5.454247950111812
1777897800000,undefined,5.454247950111812
1777897860000,undefined,609.8896653758045
1777897920000,undefined,5.454148789178969
1777897980000,undefined,5.4544462827948585
1777898040000,undefined,5.4544462827948585
1777898100000,undefined,5.4544462827948585
1777898160000,undefined,78.54111109105268
1777898220000,undefined,5.4544462827948585
1777898280000,undefined,5.453752181500873
1777898340000,undefined,5.454347114650377
1777898400000,undefined,5.4544462827948585
1777898460000,undefined,677.9813320424712
1777898520000,undefined,5.454148789178969
1777898580000,undefined,5.453950478129659
1777898640000,undefined,5.453851328012799
1777898700000,undefined,79.63251592893957
1777898760000,undefined,5.454247950111812
1777898820000,undefined,5.4544462827948585
1777898880000,undefined,5.453950478129659
1777898940000,undefined,22.90857521959392
1777899000000,72,77.45313721568698
1777899060000,4,14.181362002583587
1777899120000,7,5.454545454545454
1777899180000,6,5.454247950111812
1777899240000,0,5.454247950111812
1777899300000,6,5.454247950111812
1777899360000,0,5.454247950111812
1777899420000,38.5,117.81318370475105
1777899480000,0,5.4544462827948585
1777899540000,0,5.454148789178969
1777899600000,124,127.63404301739969
1777899660000,6,5.454247950111812
1777899720000,4,5.45404963185165
1777899780000,170,159.26983145760988
1777899840000,undefined,5.454347114650377
1777899900000,undefined,31.62950252963565
1777899960000,undefined,160.35780517072106
1777900020000,undefined,5.4544462827948585
1777900080000,undefined,5.4544462827948585
1777900140000,undefined,5.454148789178969
1777900200000,undefined,29.453137263286834
1777900260000,undefined,172.3605025363175
1777900320000,undefined,35.998790124836965
1777900380000,undefined,238.9033985241701
1777900440000,undefined,238.89903520081234
1777900500000,undefined,234.54119016017887
1777900560000,undefined,5.454347114650377
1777900620000,undefined,5.4544462827948585
1777900680000,undefined,287.98429176590366
1777900740000,undefined,136.35609959186246
1777900800000,undefined,371.9757239786054
1777900860000,undefined,355.62688309105636
1777900920000,undefined,419.984727828079
1777900980000,undefined,53.453474403245124
1777901040000,undefined,392.70585240805053
1777901100000,undefined,5.4544462827948585
1777901160000,undefined,5.4544462827948585
1777901220000,undefined,55.62623010784803
1777901280000,undefined,544.327876992723
1777901340000,undefined,461.44615552444503
1777901400000,undefined,529.0771642612918
1777901460000,undefined,631.5969746464741
1777901520000,undefined,703.6002862235471
1777901580000,undefined,704.6999428404134
1777901640000,undefined,75.26745161614117
1777901700000,undefined,591.2404777921205
1777901760000,undefined,77.45313721568698
1777901820000,undefined,705.8053489936547
1777901880000,undefined,5.454347114650377
1777901940000,undefined,5.454347114650377
1777902000000,undefined,5.45404963185165
1777902060000,undefined,5.454148789178969
1777902120000,undefined,299.97282890916813
1777902180000,undefined,670.8481047177529
1777902240000,undefined,5.454347114650377
1777902300000,undefined,5.454347114650377
1777902360000,undefined,771.258704387193
1777902420000,undefined,88.35730954563213
1777902480000,undefined,711.2597952764496
1777902540000,undefined,5.45404963185165
1777902600000,undefined,5.4544462827948585
1777902660000,undefined,5.454347114650377
1777902720000,undefined,5.4544462827948585
1777902780000,undefined,5.4544462827948585
1777902840000,undefined,817.0745061396158
1777902900000,undefined,5.453653038593684
1777902960000,undefined,5.454347114650377
1777903020000,undefined,5.4544462827948585
1777903080000,undefined,5.4544462827948585
1777903140000,4,5.454148789178969
1777903200000,undefined,5.454347114650377
1777903260000,0,5.454347114650377
1777903320000,106,92.71914122427677
1777903380000,958,751.5680392691573
1777903440000,0,5.4544462827948585
1777903500000,4,5.4544462827948585
1777903560000,0,5.4544462827948585
1777903620000,2,5.4544462827948585
1777903680000,0,5.454545454545454
1777903740000,0,5.4544462827948585
1777903800000,0,5.454247950111812
1777903860000,8,5.4544462827948585
1777903920000,undefined,5.454148789178969
1777903980000,undefined,5.4544462827948585
1777904040000,undefined,94.90401349648411
1777904100000,undefined,997.0398968747505
1777904160000,undefined,5.45404963185165
1777904220000,undefined,5.454347114650377
1777904280000,undefined,5.4544462827948585
1777904340000,undefined,5.4544462827948585
1777904400000,undefined,5.454347114650377
1777904460000,undefined,5.453851328012799
1777904520000,undefined,5.45404963185165
1777904580000,undefined,5.454247950111812
1777904640000,undefined,926.1394142228125
1777904700000,undefined,947.9720547636693
1777904760000,undefined,5.4544462827948585
1777904820000,undefined,5.4544462827948585
1777904880000,undefined,5.454247950111812
1777904940000,undefined,5.453950478129659
1777905000000,undefined,5.4544462827948585
1777905060000,undefined,5.4544462827948585
1777905120000,undefined,5.45404963185165
1777905180000,undefined,5.4544462827948585
1777905240000,undefined,5.4544462827948585
1777905300000,undefined,5.4544462827948585
1777905360000,undefined,14.180826525613018
1777905420000,undefined,5.454347114650377
1777905480000,undefined,5.4544462827948585
1777905540000,undefined,5.453950478129659
1777905600000,undefined,5.454347114650377
1777905660000,undefined,5.454347114650377
1777905720000,undefined,5.454347114650377
1777905780000,undefined,5.4544462827948585
1777905840000,undefined,5.4544462827948585
1777905900000,undefined,7.636026463229755
1777905960000,undefined,870.4979728378453
1777906020000,undefined,5.454148789178969
1777906080000,undefined,5.454347114650377
1777906140000,undefined,5.454247950111812
1777906200000,undefined,5.454148789178969
1777906260000,1300,992.6588081494348
1777906320000,undefined,5.4544462827948585
1777906380000,6,5.454148789178969
1777906440000,0,5.45404963185165
1777906500000,undefined,5.454347114650377
1777906560000,0,5.4544462827948585
1777906620000,4,5.4544462827948585
1777906680000,6,5.454347114650377
1777906740000,undefined,5.454347114650377
1777906800000,undefined,5.454148789178969
1777906860000,undefined,5.454347114650377
1777906920000,undefined,5.454347114650377
1777906980000,0,5.454247950111812
1777907040000,6,5.45404963185165
1777907100000,0,5.4544462827948585
1777907160000,34,110.17400386688657
1777907220000,971,872.7114052471773
1777907280000,0,5.454347114650377
1777907340000,6,5.454148789178969
1777907400000,undefined,5.4544462827948585
1777907460000,8,5.45404963185165
1777907520000,undefined,5.454545454545454
1777907580000,undefined,112.35566338255816
1777907640000,undefined,932.6933566052144
1777907700000,undefined,5.454148789178969
1777907760000,undefined,5.454347114650377
1777907820000,undefined,5.4544462827948585
1777907880000,undefined,5.454247950111812
1777907940000,undefined,114.54287613402681
1777908000000,undefined,949.0563979491654
1777908060000,undefined,5.454347114650377
1777908120000,undefined,5.454148789178969
1777908180000,undefined,5.4544462827948585
1777908240000,undefined,5.454347114650377
1777908300000,undefined,5.454247950111812
1777908360000,undefined,5.4544462827948585
1777908420000,undefined,5.4544462827948585
1777908480000,undefined,111.26878030701216
1777908540000,undefined,969.8005490809259
1777908600000,undefined,5.454247950111812
1777908660000,undefined,5.4544462827948585
1777908720000,undefined,5.4544462827948585
1777908780000,undefined,5.454247950111812
1777908840000,undefined,5.454148789178969
1777908900000,undefined,5.453950478129659
1777908960000,undefined,6.545236371209349
1777909020000,undefined,990.5274449555463
1777909080000,undefined,5.4544462827948585
1777909140000,7,5.454247950111812
1777909200000,0,5.454148789178969
1777909260000,undefined,5.454347114650377
1777909320000,2,5.4544462827948585
1777909380000,0,5.454247950111812
1777909440000,0,5.4544462827948585
1777909500000,4,5.454148789178969
1777909560000,0,5.4544462827948585
1777909620000,undefined,5.454247950111812
1777909680000,undefined,5.454347114650377
1777909740000,undefined,5.454148789178969
1777909800000,undefined,1155.1909744173743
1777909860000,undefined,5.4544462827948585
1777909920000,undefined,5.4544462827948585
1777909980000,undefined,5.454347114650377
1777910040000,undefined,125.45216533613726
1777910100000,undefined,1050.488155191535
1777910160000,undefined,310.89183568439114
1777910220000,undefined,1223.9777458591661
1777910280000,undefined,5.454247950111812
1777910340000,undefined,129.81562319783458
1777910400000,undefined,1090.8892565589715
1777910460000,undefined,5.454347114650377
1777910520000,undefined,5.454049631851651
1777910580000,undefined,131.9834995990759
1777910640000,undefined,1111.555523234674
1777910700000,undefined,5.4544462827948585
1777910760000,undefined,5.454347114650377
1777910820000,undefined,5.454347114650377
1777910880000,undefined,5.454148789178969
1777910940000,undefined,1261.0609597328362
1777911000000,undefined,5.454247950111812
1777911060000,undefined,5.4544462827948585
1777911120000,undefined,5.454148789178969
1777911180000,undefined,5.4544462827948585
1777911240000,undefined,5.454247950111812
1777911300000,undefined,5.4544462827948585
1777911360000,undefined,5.4544462827948585
1777911420000,undefined,5.454347114650377
1777911480000,undefined,5.454148789178969
1777911540000,undefined,5.454247950111812
1777911600000,undefined,5.454247950111812
1777911660000,undefined,5.454049631851651
1777911720000,undefined,5.454347114650377
1777911780000,undefined,5.4544462827948585
1777911840000,undefined,136.35153827909
1777911900000,undefined,1153.0699441828328
1777911960000,undefined,5.454247950111812
1777912020000,6,5.454148789178969
1777912080000,undefined,5.4544462827948585
1777912140000,33.5,1306.8756510746339
1777912200000,0,5.454247950111812
1777912260000,0,5.454347114650377
1777912320000,2,5.454347114650377
1777912380000,2,5.454347114650377
1777912440000,0,5.45404963185165
1777912500000,336,1329.7890850948468
1777912560000,undefined,1215.2506318066942
1777912620000,undefined,5.4544462827948585
1777912680000,undefined,5.454247950111812
1777912740000,undefined,5.454347114650377
1777912800000,undefined,5.454247950111812
1777912860000,undefined,1375.5888810193237
1777912920000,undefined,1398.4131697069529
1777912980000,undefined,5.454148789178969
1777913040000,undefined,5.454247950111812
1777913100000,undefined,149.44639383306367
1777913160000,undefined,1277.4080942511182
1777913220000,undefined,5.45404963185165
1777913280000,undefined,5.454247950111812
1777913340000,undefined,9.817785152815333
1777913400000,undefined,1592.6221560157146
1777913460000,undefined,1318.861132322461
1777913520000,undefined,1490.081660027493
1777913580000,undefined,5.454247950111812
1777913640000,undefined,5.453950478129659
1777913700000,undefined,5.4544462827948585
1777913760000,undefined,162.53668807787056
1777913820000,undefined,1359.1985891678635
1777913880000,undefined,5.454247950111812
1777913940000,undefined,5.454148789178969
1777914000000,undefined,158.16743932369783
1777914060000,undefined,1379.9247313782887
1777914120000,undefined,5.4544462827948585
1777914180000,undefined,5.454247950111812
1777914240000,undefined,9.817507504365544
1777914300000,undefined,1557.6342179356177
1777914360000,undefined,5.4544462827948585
1777914420000,undefined,5.454148789178969
1777914480000,undefined,5.454247950111812
1777914540000,undefined,5.454148789178969
1777914600000,undefined,5.4544462827948585
1777914660000,undefined,5.454247950111812
1777914720000,undefined,5.4544462827948585
1777914780000,undefined,5.454347114650377
1777914840000,undefined,1602.4492425721787
1777914900000,undefined,5.45404963185165
1777914960000,undefined,5.453752181500873
1777915020000,undefined,5.4544462827948585
1777915080000,undefined,5.4544462827948585
1777915140000,undefined,169.0878347666406
1777915200000,undefined,1871.951684302016
1777915260000,undefined,5.454247950111812
1777915320000,undefined,5.454347114650377
1777915380000,undefined,5.454148789178969
1777915440000,undefined,5.4544462827948585
1777915500000,undefined,5.454347114650377
1777915560000,undefined,1666.8273366907263
1777915620000,undefined,5.454347114650377
1777915680000,undefined,5.454347114650377
1777915740000,undefined,5.454347114650377
1777915800000,undefined,5.4544462827948585
1777915860000,undefined,5.454347114650377
1777915920000,undefined,5.454247950111812
1777915980000,undefined,5.4544462827948585
1777916040000,undefined,5.4544462827948585
1777916100000,undefined,5.4544462827948585
1777916160000,undefined,5.454247950111812
1777916220000,undefined,5.454247950111812
1777916280000,undefined,175.61760203229574
1777916340000,undefined,1888.2669076414936
1777916400000,undefined,1714.7938991135761
1777916460000,868,1561.0625261358884
1777916520000,4,5.453851328012799
1777916580000,0,5.454247950111812
1777916640000,0,5.454347114650377
1777916700000,4,5.454247950111812
1777916760000,6,5.4544462827948585
1777916820000,4,5.454049631851651
1777916880000,0,5.454347114650377
1777916940000,0,5.454347114650377
1777917000000,1220,1758.5102685251811
1777917060000,undefined,5.4544462827948585
1777917120000,undefined,5.4544462827948585
1777917180000,undefined,184.35367987831782
1777917240000,undefined,1602.4289142607809
1777917300000,undefined,5.454247950111812
1777917360000,undefined,5.4544462827948585
1777917420000,0,5.454049631851651
1777917480000,6,5.454148789178969
1777917540000,0,5.4544462827948585
1777917600000,2,5.454347114650377
1777917660000,140,186.52550298855505
1777917720000,2187,1623.2432137597498
1777917780000,108,188.72021184143162
1777917840000,828,1643.9701096343701
1777917900000,undefined,5.454247950111812
1777917960000,undefined,5.454347114650377
1777918020000,undefined,9.817705815414856
1777918080000,undefined,5.454148789178969
1777918140000,undefined,5.454247950111812
1777918200000,0,1850.047269289506
1777918260000,3380,1872.9581053401475
1777918320000,6,5.4544462827948585
1777918380000,6,5.454347114650377
1777918440000,4,5.454247950111812
1777918500000,2,5.45404963185165
1777918560000,0,5.454049631851651
1777918620000,0,5.454545454545454
1777918680000,0,5.45404963185165
1777918740000,undefined,5.4544462827948585
1777918800000,undefined,195.25872497807848
1777918860000,undefined,1917.7484455110723
1777918920000,undefined,5.454347114650377
1777918980000,undefined,5.454148789178969
1777919040000,undefined,5.454347114650377
1777919100000,undefined,5.454148789178969
1777919160000,undefined,5.454247950111812
1777919220000,undefined,199.63273395029182
1777919280000,undefined,1745.35934403578
1777919340000,undefined,5.4544462827948585
1777919400000,undefined,5.454347114650377
1777919460000,undefined,5.453653038593684
1777919520000,undefined,5.4544462827948585
1777919580000,undefined,5.453752181500873
1777919640000,undefined,5.453851328012798
1777919700000,undefined,5.454247950111812
1777919760000,undefined,5.454247950111812
1777919820000,undefined,5.45404963185165
1777919880000,undefined,201.80737248682013
1777919940000,undefined,1766.0854862462047
1777920000000,undefined,5.453752181500873
1777920060000,undefined,5.454148789178969
1777920120000,undefined,5.4544462827948585
1777920180000,undefined,1751.4937843074033
1777920240000,undefined,670.3512569583572
1777920300000,undefined,22.908158716993018
1777920360000,undefined,62.17955710701429
1777920420000,undefined,5.4544462827948585
1777920480000,undefined,93.81135917387826
1777920540000,undefined,5.454347114650377
1777920600000,undefined,385.6740053158021
1777920660000,undefined,2591.999801660105
1777920720000,undefined,4479.191287431137
1777920780000,undefined,2079.2724495968737
1777920840000,undefined,10.908892565589717
1777920900000,undefined,68.72372250409188
1777920960000,undefined,146.17463839372874
1777921020000,undefined,5.4544462827948585
1777921080000,undefined,5.454148789178969
1777921140000,undefined,25.09045290085635
1777921200000,undefined,127.63172248281882
1777921260000,undefined,649.8964441777186
1777921320000,undefined,34.32519488951529
1777921380000,undefined,5.454148789178969
1777921440000,4,5.4544462827948585
1777921500000,12,22.90756380547489
1777921560000,106,100.3618116034254
1777921620000,6,5.4544462827948585
1777921680000,4,5.454148789178969
1777921740000,6,5.454347114650377
1777921800000,0,5.454049631851651
1777921860000,0,5.454347114650377
1777921920000,4,5.454148789178969
1777921980000,0,5.454247950111812
1777922040000,undefined,5.4544462827948585
1777922100000,undefined,5.45404963185165
1777922160000,undefined,5.454347114650377
1777922220000,undefined,76.35947130156538
1777922280000,undefined,5.4544462827948585
1777922340000,undefined,5.454347114650377
1777922400000,undefined,97.08914383374847
1777922460000,undefined,5.4544462827948585
1777922520000,undefined,5.454347114650377
1777922580000,undefined,5.454347114650377
1777922640000,undefined,5.454347114650377
1777922700000,0,5.454148789178969
1777922760000,0,27.27143808324211
1777922820000,0,117.80533032760063
1777922880000,0,5.454347114650377
1777922940000,0,5.45404963185165
1777923000000,0,162.53998035641695
1777923060000,6,5.454247950111812
1777923120000,0,5.454247950111812
1777923180000,0,5.4544462827948585
1777923240000,4,5.4544462827948585
1777923300000,0,5.454347114650377
1777923360000,0,5.453950478129659
1777923420000,162,172.35423522353327
1777923480000,2,5.454247950111812
1777923540000,0,5.4544462827948585
1777923600000,2,5.454347114650377
1777923660000,undefined,5.454247950111812
1777923720000,undefined,33.81550436842345
1777923780000,undefined,189.8068767362423
1777923840000,undefined,194.1747572815534
1777923900000,undefined,5.4544462827948585
1777923960000,undefined,5.4544462827948585
1777924020000,undefined,5.45404963185165
1777924080000,undefined,5.4544462827948585
1777924140000,undefined,5.45404963185165
1777924200000,0,5.454347114650377
1777924260000,7,5.454247950111812
1777924320000,7,5.453950478129659
1777924380000,0,5.45404963185165
1777924440000,7,5.454049631851651
1777924500000,0,33.817983478286735
1777924560000,141,210.53779862550454
1777924620000,0,5.453752181500873
1777924680000,390,261.803901605367
1777924740000,0,5.454148789178969
1777924800000,undefined,5.454148789178969
1777924860000,undefined,669.6101807404227
1777924920000,undefined,245.102874135519
1777924980000,undefined,5.454148789178969
1777925040000,undefined,138.54067459040266
1777925100000,undefined,77.45313721568698
1777925160000,undefined,117.81532571070997
1777925220000,undefined,5.454347114650377
1777925280000,undefined,5.454347114650377
1777925340000,undefined,5.454148789178969
1777925400000,undefined,5.454347114650377
1777925460000,undefined,5.4544462827948585
1777925520000,undefined,5.454247950111812
1777925580000,undefined,5.454247950111812
1777925640000,undefined,5.454247950111812
1777925700000,undefined,5.4544462827948585
1777925760000,0,5.45404963185165
1777925820000,2,5.4544462827948585
1777925880000,0,5.4544462827948585
1777925940000,6,5.453950478129659
1777926000000,2,5.454247950111812
1777926060000,2,5.454347114650377
1777926120000,0,5.454347114650377
1777926180000,0,5.454347114650377
1777926240000,0,5.4544462827948585
1777926300000,0,5.453950478129659
1777926360000,undefined,5.4544462827948585
1777926420000,undefined,5.454247950111812
1777926480000,undefined,5.45404963185165
1777926540000,undefined,5.454347114650377
1777926600000,undefined,20.72624137496345
1777926660000,undefined,110.17781171593761
1777926720000,undefined,163.63207951193584
1777926780000,undefined,5.454347114650377
1777926840000,undefined,5.453950478129659
1777926900000,undefined,31.6337853475383
1777926960000,undefined,160.33448463915653
1777927020000,undefined,5.4544462827948585
1777927080000,undefined,33.81623812976039
1777927140000,undefined,262.8928684015889
1777927200000,undefined,222.52681158332018
1777927260000,undefined,212.72340502899945
1777927320000,undefined,5.454148789178969
1777927380000,undefined,5.454347114650377
1777927440000,undefined,40.36226781655727
1777927500000,undefined,294.538314309227
1777927560000,undefined,5.454347114650377
1777927620000,undefined,5.454247950111812
1777927680000,undefined,5.453950478129659
1777927740000,undefined,5.454347114650377
1777927800000,undefined,5.454247950111812
1777927860000,undefined,5.45404963185165
1777927920000,undefined,5.454347114650377
1777927980000,undefined,5.454347114650377
1777928040000,undefined,5.4544462827948585
1777928100000,undefined,5.454247950111812
1777928160000,undefined,5.4544462827948585
1777928220000,undefined,5.4544462827948585
1777928280000,0,5.454247950111812
1777928340000,0,5.454247950111812
1777928400000,6,5.454347114650377
1777928460000,168,775.3791672346324
1777928520000,89,65.44978547014762
1777928580000,undefined,5.454148789178969
1777928640000,0,5.4544462827948585
1777928700000,0,5.4544462827948585
1777928760000,undefined,5.4544462827948585
1777928820000,80,79.63459839074258
1777928880000,undefined,5.454347114650377
1777928940000,undefined,5.454347114650377
1777929000000,undefined,22.906889480126722
1777929060000,undefined,141.80731331117423
1777929120000,undefined,107.99410941221389
1777929180000,undefined,5.454148789178969
1777929240000,undefined,5.4544462827948585
1777929300000,undefined,25.089024957460797
1777929360000,0,128.71557131169894
1777929420000,7,5.45404963185165
1777929480000,27,27.270347316585568
1777929540000,100,154.90034431119332
1777929600000,0,5.4544462827948585
1777929660000,0,5.454148789178969
1777929720000,16,29.452938930603786
1777929780000,202,170.17872402319958
1777929840000,0,5.4544462827948585
1777929900000,18,5.454148789178969
1777929960000,200,190.89867825391343
1777930020000,196,270.5361722282678
1777930080000,0,5.454347114650377
1777930140000,0,5.4544462827948585
1777930200000,0,5.4544462827948585
1777930260000,6,5.454247950111812
1777930320000,0,5.453950478129659
1777930380000,8,5.454247950111812
1777930440000,undefined,14.18094550935787
1777930500000,undefined,14.180727361074453
1777930560000,undefined,5.454148789178969
1777930620000,undefined,5.454148789178969
1777930680000,undefined,5.454347114650377
1777930740000,undefined,5.4544462827948585
1777930800000,undefined,5.4544462827948585
1777930860000,undefined,38.17963648984984
1777930920000,undefined,249.79547313880556
1777930980000,undefined,5.454247950111812
1777931040000,undefined,5.45404963185165
1777931100000,undefined,305.44391507362457
1777931160000,undefined,5.454347114650377
1777931220000,undefined,5.4544462827948585
1777931280000,undefined,5.454347114650377
1777931340000,undefined,5.454347114650377
1777931400000,0,5.454247950111812
1777931460000,28,42.54168628577018
1777931520000,28.5,291.2568405359708
1777931580000,6,5.454148789178969
1777931640000,42,49.08654584399216
1777931700000,378,319.6189298765522
1777931760000,4,5.454049631851651
1777931820000,6,5.4544462827948585
1777931880000,505.5,448.32287973820564
1777931940000,456,425.43907494272935
1777932000000,undefined,5.454347114650377
1777932060000,undefined,920.721606227306
1777932120000,undefined,88.35863835405556
1777932180000,undefined,140.71838737402297
1777932240000,undefined,5.4544462827948585
1777932300000,undefined,5.4544462827948585
1777932360000,0,5.454347114650377
1777932420000,3,5.454049631851651
1777932480000,0,5.454347114650377
1777932540000,0,5.454347114650377
1777932600000,25.75,27.27183474139636
1777932660000,88.5,115.63215883058797
1777932720000,3,5.454347114650377
1777932780000,21,25.0890249574608
1777932840000,129,158.16287835703582
1777932900000,198,148.3474530051267
1777932960000,0,5.4544462827948585
1777933020000,undefined,5.453950478129659
1777933080000,undefined,5.454247950111812
1777933140000,undefined,5.454347114650377
1777933200000,undefined,5.4544462827948585
1777933260000,undefined,5.4544462827948585
1777933320000,undefined,206.1646229945458
1777933380000,undefined,5.454148789178969
1777933440000,undefined,5.4544462827948585
1777933500000,14,5.454247950111812
1777933560000,326,318.53783822136126
1777933620000,251.5,311.96711753219154
1777933680000,2,5.454347114650377
1777933740000,0,5.453950478129659
1777933800000,0,5.4544462827948585
1777933860000,2,5.454247950111812
1777933920000,0,5.4544462827948585
1777933980000,7,5.4544462827948585
1777934040000,26,40.362704159998906
1777934100000,undefined,268.3441204276053
1777934160000,undefined,5.454347114650377
1777934220000,undefined,326.1640274166864
1777934280000,undefined,44.72574550827757
1777934340000,undefined,370.87763583518256
1777934400000,undefined,5.4544462827948585
1777934460000,undefined,5.454247950111812
1777934520000,undefined,5.454247950111812
1777934580000,undefined,392.70743906951486
1777934640000,undefined,9.817507504365546
1777934700000,undefined,5.454347114650377
1777934760000,undefined,415.6086366818109
1777934820000,undefined,5.4544462827948585
1777934880000,undefined,5.454247950111812